customer_id,name,age,signup_date,subscription_type,last_active_date,is_churned
a6c62624-8034-41da-9ba3-90cad8178e2c,Jessica Baldwin,31,2023-03-17,Standard,2024-08-13,0
3a11ed03-03c9-4241-a7b2-4c455691669f,Paige Adams,62,2024-05-12,Standard,2024-03-24,0
7cce5e08-139e-4e90-8b13-a86a35917be4,Sarah Cervantes,31,2023-08-25,Standard,2024-08-14,1
bccf4e18-4b74-4b9a-a437-f5b6aaf04541,Hannah Underwood,57,2024-03-10,Basic,2024-11-18,1
e69813d2-01d9-47cc-bf41-1d11dadbb1bf,Anthony Arnold,35,2024-04-10,Standard,2024-08-01,0
116cf244-d515-43e5-98d6-ef5c7d892b9f,Deborah Hamilton,51,2023-02-28,Premium,2024-06-06,0
9688251e-8e89-4229-8638-269e8c3b08d2,Emily King,30,2023-05-29,Standard,2024-11-21,1
e66bfdfb-6f38-4eee-8c6b-320ce0ccb04f,Jamie Ryan,55,2023-07-19,Basic,2024-01-02,0
d4f4c3a1-c1b1-448e-987b-156d39fcfa18,Monica Davis,47,2023-11-20,Standard,2023-12-01,0
f205e7dc-f644-481a-9ba1-5d7590e08571,Tiffany Nguyen,30,2023-11-23,Premium,2024-06-04,1
8cec9170-261d-4062-8ece-bac78c871bd7,Nathan Peters,53,2024-07-12,Basic,2024-02-14,0
7493336b-97c6-4a45-bfed-3cfedd0f9f7c,Sara Winters,51,2023-09-11,Basic,2024-04-22,0
e8c0d3ff-6587-4da2-b981-b1fbd1062c09,Robert Hayden,24,2023-08-08,Premium,2024-07-04,1
7e3a3578-5009-44eb-9a8e-747d90607d37,Kyle Doyle,20,2023-06-13,Premium,2024-11-21,1
0f09f80b-621b-476e-b77a-9f4f8ea155b7,Megan Delgado,22,2023-06-10,Standard,2024-10-18,0
5894e1c1-0277-4844-8838-13964ec34163,Robert Newton,19,2024-06-28,Premium,2024-11-21,0
0796f258-abff-4fe8-89a8-fbc825859ac8,Denise Patel,69,2024-06-02,Standard,2023-11-27,0
bc11fc81-ea01-4dab-81a1-05cbcd20f152,Jennifer Harris,43,2023-06-08,Basic,2024-07-10,1
e0f59eea-7b42-4f6f-ab33-0a47870ec761,Scott Hill,52,2023-06-29,Standard,2023-12-07,1
18b144c0-16d3-4c22-aa7a-56bc2c502952,Nicole Chavez,54,2023-12-01,Premium,2024-11-14,1
68b62e39-2861-41db-a171-0bff299e29d5,Tracy Clements,36,2023-11-08,Premium,2024-06-12,0
77154d16-2bf5-44f6-9091-6ed5ca5785dd,Paula Banks,53,2023-10-03,Premium,2024-10-02,1
b4aa0658-e8d6-4ffb-b58f-765aa1f0f5dc,Tony Jones,50,2023-05-17,Basic,2024-05-03,0
45a351ca-4cd6-4302-a33e-88c299b5128b,Tonya Wallace,38,2024-09-05,Basic,2023-11-27,0
a271437b-d045-4040-8e75-7050f5605883,Keith Humphrey,60,2024-02-04,Premium,2023-11-29,1
981065af-bc08-4c3a-bdab-1c0f0fe9dd85,Kristen Dean,64,2023-09-07,Standard,2024-04-14,1
b4129c55-7445-4c95-ba23-9271dcd5d5cd,Erica Wilson,23,2023-07-17,Standard,2024-01-19,1
7465a0ad-6fdd-46a6-88b5-8773acc14431,William Hines,67,2024-07-13,Premium,2023-12-09,0
f3cc5f95-09e7-4232-9a5f-ffe1e72e05cc,David Rodriguez,22,2024-09-13,Basic,2024-06-29,0
f05a66da-de23-45f2-8277-06f5dfdb8e70,Kimberly Davis,55,2024-02-10,Standard,2024-05-27,0
506c1536-3eba-4721-9849-51811f46255d,Ashley Hodge,28,2023-08-17,Basic,2024-09-05,0
a0e9bd13-1931-431f-8cd9-cd6b0fae2b95,Tara Sawyer,28,2023-06-30,Premium,2023-11-30,1
bd38ed0d-aeaa-432e-8b64-2dc1459e1abd,Matthew Esparza,67,2023-08-07,Standard,2024-06-17,1
ffc60b48-94dc-4128-acc6-5a7254c35db5,Michael Daniels,57,2024-01-31,Premium,2024-04-15,1
ccc1a78b-62f0-477a-a52e-005c1e668699,Michael Jenkins,18,2023-03-16,Standard,2024-06-27,1
2a32dff1-7a39-4cf1-ac77-825bdbc95152,Stephanie Mcgee,63,2023-11-11,Standard,2024-08-27,0
0eee6dd1-556d-47c4-ae6f-c9f88348d680,Michael Freeman,66,2023-02-20,Premium,2024-06-26,0
4c024610-8e19-4c4e-a4ff-65dab2c4efe0,Gina Rogers,58,2023-02-06,Basic,2024-02-12,1
37bf09c4-53a2-4dd0-a813-2c166aa1ae47,Michael Gibson,22,2023-01-14,Standard,2024-02-11,0
79b29f9b-4488-4cc7-8032-2ffb43cc440c,Theresa Cooper,35,2024-10-18,Standard,2024-04-17,0
7a09874d-bed8-4fde-bfe6-fbbb7e6908b3,Karen Moore,62,2023-10-04,Premium,2024-04-08,1
f57ae04d-f5e3-4f2f-abbd-1528d9cd5c08,David Smith,21,2023-10-30,Basic,2024-01-23,1
63f583e7-0ac5-40eb-9743-5a5e2c757d4e,Dr. Allison Solomon,38,2023-09-12,Standard,2024-05-14,0
acad1821-fc63-4cfc-a170-afed639a39b5,Samantha Gibbs,63,2024-08-13,Premium,2024-06-15,0
e22ba6a7-6a2d-41fc-8de5-7a90066a155c,Alexander Page,28,2023-09-29,Basic,2024-02-23,0
13097ca4-e10d-4e39-97e1-aca948d9ecf7,Alexander Atkins,28,2024-06-26,Basic,2024-06-11,0
d468ef25-6bcf-4937-a1b3-671919a82f86,Stacey Hill,44,2023-09-22,Standard,2024-04-02,1
61d2622d-e4e1-439c-aaa1-277c51598a43,Jocelyn Marks,70,2024-02-29,Standard,2024-04-13,0
517d5028-d58a-4f49-a241-3d928c2ef0bf,Alison Martinez,43,2024-09-08,Basic,2024-04-26,1
21dd7f79-647d-4b25-aa2d-c455919b7538,James Andrade,39,2024-05-26,Premium,2024-05-30,1
6df046d6-dcbd-4b7f-9c7e-e30ab8f0c2b2,Shawn Mcmahon,70,2024-10-18,Premium,2024-04-06,0
3ae509a8-5c0c-4d10-a4c1-9d88ff4554cd,Samuel Ross,36,2023-07-26,Premium,2024-08-03,0
1d7c8fc2-0f64-4534-83e6-7a0b8b649238,Kenneth Hopkins,55,2023-02-24,Premium,2024-10-08,1
c62d38a4-fe08-4923-a49c-46cb59646bf0,Brittany Webb,32,2024-02-10,Basic,2024-03-18,0
34d8a198-7798-4caa-8110-53a584c4a5f3,Laura Holden,31,2023-07-20,Standard,2024-10-21,1
30f31820-5ff5-4fed-aee9-a3a6042766f3,Pamela Sellers,26,2024-05-16,Standard,2024-07-09,0
04e53f96-4f05-4bb4-af5b-8c742404b972,Daniel Harrington,52,2024-02-21,Basic,2024-10-29,1
09efc23e-312a-4e01-9771-dba918e97f3f,Michele Cook,24,2023-06-29,Standard,2024-01-27,0
5f9ca5c4-e31b-4300-997f-32d70d52751b,Nicole Dixon,39,2023-04-26,Standard,2024-05-21,0
709bcc53-1367-4911-a0cf-add3d8542375,Kathryn Smith,68,2024-02-02,Premium,2024-02-03,0
b33a26af-b732-4f5c-852d-33e68e426818,Melissa Jordan,69,2024-06-16,Premium,2024-02-24,1
85dc9d92-e29a-47d9-aaa4-8b6263a004ab,Frederick Davis,57,2023-01-01,Standard,2024-01-17,0
170b37d3-ad73-42fe-ae99-eb0580b2d261,Ryan Johnson,70,2023-11-22,Basic,2024-08-24,0
2796f1ed-a4dc-4782-ba05-e992bc95e645,Ashley Walters,39,2023-07-24,Standard,2024-11-09,1
10076086-a85e-453b-9c5f-dd0ce25773db,Brad Dennis,30,2023-07-22,Basic,2024-03-16,0
c2e02341-1b69-4809-8c51-26cc6829976a,Jennifer Diaz,28,2024-06-16,Premium,2024-05-21,0
f6a92463-6e02-485f-ae70-40c9acee4af5,Jacob Dixon,40,2024-05-27,Premium,2024-07-21,1
8031a1fe-65bf-429e-ad48-931f0e9586bf,Walter Leonard,22,2023-02-10,Standard,2023-11-24,0
cf8fe74e-b752-4329-ad9c-b7bcd33c6f79,Heather Martin,69,2023-10-18,Standard,2023-12-18,1
8ea619c7-0a5c-4f97-9480-865e594cc3d7,Brooke Noble,59,2022-12-03,Basic,2024-02-29,1
6ed197c2-59a7-40ad-a64f-fde0f407cb35,Melissa Smith,53,2022-12-04,Standard,2024-06-09,0
b573be2d-5b14-41c7-abf4-b09ba9a7520b,John Jones,28,2023-12-05,Basic,2024-07-27,0
80ea4f9e-0f44-4fd1-90a1-69d977667c42,Christina Johnson,60,2023-11-18,Standard,2024-06-07,1
4719531c-ffbe-43cf-9deb-c947cc5dec64,Mr. Kirk Alvarez,21,2023-06-28,Premium,2024-05-19,0
d01a632a-1908-44d9-a81d-c583fdca858d,Dustin Long,63,2023-10-31,Premium,2024-02-01,0
29e3fa35-9cc5-4f3f-874a-1851f95d211a,Jonathon Stafford,27,2022-11-27,Standard,2024-09-20,0
0ad07b40-8153-406b-9cc6-e115fc5b931d,Christian Bray,36,2024-11-11,Premium,2024-07-17,1
453485be-adca-4d72-b269-f0e6612da1bf,Jessica Oliver,53,2024-10-31,Standard,2023-12-28,1
aa947de0-4531-487e-bbe5-4eb5e5b72c32,Jeffrey Williams,61,2023-11-03,Standard,2023-12-12,0
c869396f-8a33-4116-b15e-18f7732aa071,Stephanie Stevenson,65,2022-12-19,Premium,2024-03-25,0
3bd6a012-49de-493e-afa2-2a508f8a54a3,Megan White,40,2023-02-26,Standard,2024-04-29,1
37aeaba6-7009-4861-91d6-40acb75d379b,Doris Edwards,25,2023-12-04,Basic,2024-04-20,0
b80f8e1c-ee8e-484b-a466-ac1938458ca6,Micheal Davis,61,2024-03-27,Premium,2023-12-29,0
6fa15b88-3900-4e8d-8bfa-539e29bf033a,Theodore Rush,65,2024-01-28,Premium,2024-07-19,1
82fd3c5d-cb5e-4bc9-baad-ec50a43741a0,Paula Salazar,63,2023-03-31,Basic,2024-11-06,1
dea6d581-0cb5-4976-9d12-39b17208b536,Whitney Nash,34,2023-02-21,Standard,2024-03-01,1
f9904c32-ca31-4264-80fd-934d124427ad,Tracy Green,20,2024-02-14,Premium,2024-09-07,1
1c334dac-1ebc-4aed-977d-f1f9e90dddea,John Hester MD,33,2023-12-02,Basic,2024-10-25,0
6d4fb3be-79b0-435d-9ce9-f6b07e89f59b,James Jones,60,2022-12-26,Basic,2024-03-24,1
9cbba185-1bdd-4f88-af74-71cbadf076c4,Sharon Johnson,61,2024-09-01,Premium,2024-11-14,1
2173c81b-b216-466b-ae00-af31342b53c9,Jennifer Dunn,55,2024-02-26,Basic,2024-05-27,0
7921143e-dec1-4c90-acd5-f7299548c79f,Deanna Davenport,36,2022-12-09,Basic,2023-12-24,1
7d7b9f7a-05f8-4626-be3d-5af95d29b0d5,Jeffrey Santiago Jr.,68,2024-07-19,Premium,2024-02-14,1
89a87c57-360d-482c-aac5-4cabe8a46f99,Whitney Allen,47,2024-04-26,Basic,2024-05-09,1
16eef7a5-f814-4e6a-a6ee-29e44b542c27,Terry Curtis,31,2023-07-10,Premium,2024-04-30,1
273bb2e8-36c4-42e2-b68c-c02ece1a9d04,Amanda Smith,69,2024-03-15,Premium,2024-06-14,0
7164934c-8382-4a31-ba24-1890c0377133,Pamela Campbell,41,2023-05-04,Basic,2024-07-03,0
5206897b-af3b-409d-91a0-bf99a00008e9,Jennifer Johnson,47,2024-04-17,Premium,2024-04-21,0
d76f51e4-d5c2-4905-b0eb-4eee1e1a0362,Bonnie Marquez,46,2023-11-14,Standard,2024-04-28,1
a2c21d2d-7cf2-44e6-85b5-f3b190e7d117,Kelsey Ortiz,37,2024-01-04,Premium,2024-07-02,1
ba16fe6a-fdfe-43ef-9785-acd4ccd4fbce,Julie Lester,68,2023-09-27,Premium,2023-12-15,1
d5bacc7a-d954-407a-8362-bbab9fe91d65,Anthony Barron,34,2024-02-23,Premium,2024-09-21,0
452aa928-a468-4f6b-9f84-3618679ab021,Tracy Strong,42,2024-11-14,Basic,2024-07-02,0
e2ce6a69-e1b8-45ed-bdc6-69a4713722e9,Tracy Greene,43,2023-08-21,Standard,2024-10-09,1
5fcca079-dc4f-454a-a999-239a4f0a4242,Tricia Myers DVM,64,2024-10-07,Basic,2023-11-30,0
aa4edb8d-c1c9-478f-bff4-ee26b202478e,David Rodriguez,50,2023-11-02,Standard,2024-10-24,1
c4343611-2051-4b5c-8949-2ad2c0599b62,Michelle Neal,56,2023-01-09,Premium,2024-07-15,0
bfb87ce5-bed4-4a10-9ed8-e9c56493b67e,Jessica Sweeney,38,2024-11-08,Premium,2024-05-01,0
de7c7e18-5b0d-4387-b670-226f0eb070a5,Kristen Blackwell,67,2023-03-21,Premium,2024-09-27,1
a7169c1c-fca6-479d-bf81-6435d2a029e0,Sarah Li,50,2024-04-30,Premium,2024-03-01,1
6db9ee4b-086d-4d16-b1f9-e003b00353fc,Jonathan Ford,41,2024-02-06,Standard,2024-03-31,0
4d9529f7-5229-46e2-9c31-17a171501627,Brad Johnson,44,2024-02-14,Premium,2024-10-08,1
2cf72362-6ffb-4985-b162-5fb72ce49cd1,Bob Escobar,69,2024-04-21,Basic,2024-07-04,1
1287abaa-672b-4a10-ab29-c28a7496ba42,James Jensen,46,2023-02-24,Premium,2023-11-27,1
53f8ccc6-b3ae-4a7c-86f0-7746332eefce,Perry Thompson,22,2023-06-12,Standard,2024-06-28,1
31deccd0-ea86-439b-9a0b-597a571b50a7,Molly Charles,46,2022-11-25,Standard,2023-12-09,0
9410103c-f069-40bb-9849-4d18386f477b,Jonathan Richardson,28,2023-07-02,Standard,2024-08-06,1
f634b468-a965-4e72-8cf7-6f8e2028931c,Sheri Adams,41,2023-06-14,Standard,2024-06-04,1
a153fe46-0b2a-4976-89fc-bbfdc5f24a7a,Mrs. Kristin Vance,66,2023-12-05,Premium,2024-08-31,0
6d2aa104-19ad-4ff1-8169-3d33907935af,Randy Brown,34,2024-07-09,Standard,2024-09-27,1
32132c3a-9ac6-4a20-8a0d-e88899df09e7,Denise Shaw,37,2024-09-04,Premium,2024-07-31,1
6905fd05-245a-441b-9530-7072dfa68ea5,Jo Mclean,25,2023-02-05,Standard,2024-10-28,1
d602d7be-5dcf-4c96-ae79-0cad289260ee,Mario Salazar,57,2023-02-07,Premium,2024-04-30,1
46a597a9-7ff9-48cd-a264-8fb40240072b,Eric Keith,38,2024-11-01,Basic,2024-06-10,0
7fa55b9e-5621-4378-9760-144dd879a80e,Sheri Newton,47,2024-09-04,Premium,2024-01-28,1
e5d91c9c-2230-4641-8cfa-2aa3ccb5df28,Michael Smith,50,2024-05-03,Basic,2024-06-01,0
9cd27186-081d-4871-b66a-dcda2956509b,Jim Wagner,43,2023-02-09,Standard,2024-06-30,1
290a4dbd-8243-4a1c-8890-93852130f214,Joseph Sanchez,33,2024-08-26,Basic,2024-10-18,1
5e842c39-396e-413d-8e87-6705efcbd62e,Jennifer Schneider,20,2023-12-18,Standard,2024-01-24,0
6e60a435-a139-427f-84f2-010a411643cf,Taylor Hamilton,33,2022-12-21,Premium,2024-04-02,1
28c88c0d-e25b-4c96-9319-afd24f86f80d,Monica Chan,38,2023-11-10,Premium,2024-02-06,1
a60353bc-27c8-4c89-9e64-2cd58e622785,Christina Reyes,61,2024-05-15,Basic,2024-02-29,0
cb109ea1-4449-4218-9594-3ce8c33ad993,Kenneth Murphy,52,2024-06-21,Standard,2023-12-23,1
cb17c3a9-91b8-4c55-b69c-a9660f701d8f,Jessica Taylor,64,2023-07-21,Premium,2024-09-06,1
6f3c6153-1193-447f-92b0-2299152de4de,Lawrence Washington,29,2023-07-31,Standard,2023-12-27,1
bfe97643-773d-4910-9d8f-55530b695eb0,Casey Estes,64,2023-12-09,Basic,2024-02-03,0
1585aa41-053a-4431-8275-dec666448066,Sharon Holmes,70,2023-07-24,Premium,2024-07-19,0
a7f7b7c8-c73d-4958-85b1-01e4c0985dda,Richard Mason,62,2024-08-28,Standard,2024-03-18,1
220fbc61-5a20-463f-bead-1b88eeb6d1f9,Joseph Gonzalez,33,2024-10-21,Premium,2024-08-01,0
ab74437c-4000-4564-bbe2-d883ef15e537,Larry Ellis,40,2023-04-29,Basic,2024-11-14,0
56db16a3-697e-4a59-9b3a-74e4b9ea41b5,Melissa Burns,58,2023-04-11,Basic,2024-06-28,1
c6eb0a14-cc0e-4ce4-b7e4-451d8e5a104b,Stephen Holt,70,2024-01-02,Basic,2024-01-12,0
7e2291f7-3009-4ad3-9579-c5f892e73f29,Justin Flores,44,2023-12-31,Basic,2024-08-29,1
aafd138d-fd5e-44cf-a36e-9bcf66faaf2c,Robert Bryant,56,2024-07-14,Premium,2024-11-03,0
a25ac0e9-f207-4142-934c-d749c8388475,Janet Lopez,55,2023-03-19,Premium,2024-06-09,0
0e1b2c99-c6f2-41dc-9e3f-52e34191b066,Lauren Rodriguez,31,2023-02-16,Premium,2024-01-22,0
e392269e-c376-4726-a3c8-adc27e94f2e8,Timothy Patrick,45,2023-06-20,Standard,2024-09-16,1
f044182a-41f3-4c40-9b1d-ef5a29a84813,Benjamin Johnson,69,2023-06-29,Basic,2023-12-03,1
f61b8179-bd85-4246-8521-4214e6114b81,Brian Lane,33,2023-12-20,Premium,2023-11-30,0
c28387ef-8fbe-4cbb-8618-1bd30f70e9e7,Jennifer Roberts,67,2023-03-27,Basic,2024-01-14,1
764789ae-ca6b-44e8-bc1e-33651aa5b7e0,Destiny Harrison,42,2024-08-07,Basic,2023-12-17,0
42f9da97-0369-4219-b043-9569b02cf8d3,Bruce Randall,53,2023-05-26,Premium,2024-11-17,1
e5232b81-de14-4692-a1cf-152fd02bc4be,Matthew King,63,2023-07-19,Premium,2024-10-10,0
7649a99f-a733-42d0-96d2-1b942f02dbb1,Jaime Marshall,23,2023-07-14,Basic,2024-04-12,0
6990e8c8-5824-4c3f-8428-9bd0d31d564a,Dylan Cox,37,2024-10-15,Premium,2024-03-14,1
40512887-7537-4743-917e-7a81b88066d6,Robin Perez,58,2024-08-01,Basic,2023-11-28,0
021f9c00-3b1e-4bec-ad4e-c15aebc828b6,Noah Miller,22,2022-12-10,Standard,2024-06-10,1
9324d101-f91f-4c5a-aacd-429f79c84385,Russell Owens,29,2023-09-24,Standard,2024-08-21,1
fbb18194-e622-4f6d-acf6-3907983ed2bc,Robin Bryan,37,2024-06-27,Premium,2024-11-15,1
b2736d3d-2507-4ee2-999f-97559d31c416,Brenda Cole,66,2023-01-10,Premium,2024-02-28,0
28adead7-122b-42cb-a0e3-ccbf3e2f002e,Nicholas Cole,68,2023-04-28,Standard,2024-03-11,1
be303703-4d5f-4ffd-9b4f-e84d1ae6dec5,Kristina Patton,25,2024-07-09,Standard,2024-06-15,1
56f0193a-4f6a-43aa-aa08-4ad071292cc1,Taylor Thomas,29,2023-05-28,Standard,2023-12-25,1
5a273d40-0c81-4921-992f-44bf28ef7f68,Linda Santos,39,2024-05-22,Basic,2023-11-24,1
dc3c5481-da90-48e6-8400-03887e67c8de,Zachary Hill,61,2023-04-24,Premium,2024-02-27,0
4cd0d5fd-75ce-4307-a87c-83fe9639986a,Mary Snow,26,2024-04-20,Standard,2024-03-25,1
a7806d9c-49b3-4f74-a280-f3831a529ff7,Bill Wagner,42,2024-10-16,Standard,2024-11-18,1
0f1805d1-d398-48b0-b20d-6318589a126c,Scott Allen,23,2024-08-04,Standard,2024-01-08,0
975d5dd6-3394-4d46-bee1-6784690a7871,Heather Miranda,30,2023-08-20,Basic,2023-12-13,1
67e1cb5a-fa3f-46bd-a66d-a344415168e5,Danielle Logan,60,2024-08-31,Standard,2023-12-04,0
48b01008-45c2-4934-846a-53c0abeb7bb1,Matthew Smith,56,2024-08-28,Premium,2024-05-05,0
b39e54b2-9a66-465a-a4b5-d78b737fa839,Deborah Johnson,32,2024-07-13,Standard,2024-09-23,1
e5a2cc83-41fa-431d-aaf1-c4c99c89c84c,Thomas Hill,21,2024-07-23,Basic,2024-01-13,1
c3e36e12-0545-4e43-9636-16d7cef00dcf,Donna Stephens,38,2022-12-23,Standard,2024-04-19,0
06106858-13a3-424e-962c-a17f36ea981e,Daniel Riley,70,2023-11-27,Premium,2024-09-09,1
987daefb-0201-4907-bbe6-a820d9264670,Brad Rogers,58,2024-08-02,Basic,2024-11-07,1
20ed5531-6f15-4390-9dc6-f22794b441fc,Dana Porter,26,2024-07-11,Standard,2024-03-31,1
58bb3705-8536-437b-956c-edeee4a87882,Hannah Olsen,69,2024-02-01,Premium,2024-09-22,0
b5871508-455e-47d0-97ce-df08b082ee64,Nicole Hernandez,42,2024-09-15,Basic,2024-09-10,0
9d2302fc-acd7-4395-b58e-fd74b38bfbb9,Ross Jackson,59,2023-10-05,Premium,2024-09-29,1
b09e6e6e-67d0-473b-8999-bae9a14bf6ed,Ashley Warren,52,2023-01-09,Premium,2023-12-18,1
e14ec522-ff13-4236-9566-f3f186ac8137,Gabriel Walker,32,2024-10-10,Standard,2023-11-28,0
b6c2843a-12de-4ec2-b456-9058ad82f408,Mr. Anthony Dixon DVM,46,2023-08-02,Basic,2024-07-05,1
aa935e98-99a6-433b-9dd7-a25e340dd14e,Ernest Lamb,55,2023-10-26,Basic,2024-02-21,1
8439000d-fbd2-46d3-b548-bcfc6e89f735,Eric Thompson,56,2024-02-19,Premium,2024-11-10,1
84dff357-91cd-4d03-8151-2bfc22b412fc,Dawn Smith,44,2023-05-14,Standard,2024-02-23,0
67c5d1f0-632a-4de4-843d-794aab04c2d4,Andrea Johnson,61,2023-05-18,Basic,2024-08-26,1
9bb8d91d-81cf-4f89-a251-5e6a0110e917,Rhonda Cannon,40,2024-01-31,Basic,2023-12-14,0
76b2bdbe-4ded-4489-9175-e51e7d76c4ac,David Pena,58,2024-08-03,Basic,2024-05-15,0
c8c68115-798b-4558-8886-9bfaba3189ea,Kevin Baker,19,2023-11-28,Standard,2024-10-24,0
ec4b4002-0b3d-4a94-a130-d5717e7031bf,Grant Pierce,70,2024-07-22,Premium,2024-03-06,0
3893941a-8951-4287-b4a7-62b9045f1659,Toni Hill,34,2023-10-17,Standard,2024-11-21,1
87a4d7ca-fd03-4972-ac53-98b9546bb894,Michele Herring,50,2023-03-19,Premium,2023-11-29,1
a3a04da5-5955-422c-8d13-767d1ee8ea7f,Jose Cowan,66,2024-03-11,Premium,2024-04-11,0
bf732693-227e-4fa0-aa5e-f856d8615e94,Shelby Singh,66,2024-07-04,Premium,2024-07-19,0
568aeb3c-f77c-4f71-8a09-bcda505db865,Kenneth Martin,22,2024-04-23,Premium,2024-08-17,0
bfa2cb2a-d6b5-4c98-833e-0383ad1c1f45,Erin Ward,54,2024-09-09,Premium,2024-01-16,1
6698be83-bf0b-411c-9008-ae49c889afe7,Linda Walter,40,2024-05-09,Premium,2024-03-24,0
8b9ac779-b82f-4d4e-8736-46552a3c05c1,Andrew Green,34,2024-09-02,Premium,2024-04-23,0
177ff1f3-2339-49f8-8b9e-743219aef3f1,Carlos Buck,39,2023-09-09,Standard,2024-06-24,0
c559698d-717b-4ed4-b995-87a35173d32c,Timothy Rice,32,2023-03-11,Premium,2024-06-26,1
67b0a93f-6f83-44bd-99cf-620d8eac7ebb,Thomas Wright,30,2024-09-09,Premium,2024-02-12,1
6f2270a0-f69b-4c2f-b12b-223d06831c7c,Heather Taylor,45,2023-09-28,Standard,2024-03-15,0
dc59ef97-4d59-41fb-a5d5-e1413dbfdf7d,Anthony Hall,60,2022-12-09,Standard,2024-06-23,1
f996ded3-1634-40fd-a277-30dc9762ac2b,Cassandra Glover,41,2023-04-27,Basic,2024-01-31,1
d25959c5-3387-4d0d-809d-750fa902a496,Rachel Lester,50,2022-11-29,Basic,2024-03-11,0
323874e1-d07f-4c4a-94e0-933935f2f400,Jennifer Mason,54,2023-06-30,Standard,2024-10-08,1
364f4268-1928-4655-9a97-9c3c5b7fce9e,Alexander White,57,2023-09-14,Standard,2024-11-21,0
8cbc7039-bab3-489e-b818-d60765a35e2b,Lisa Cooper,41,2023-10-09,Standard,2024-01-13,0
0fefeba3-966b-4e5e-8afe-9c7d16b69de9,Cynthia Johnson,53,2024-04-13,Basic,2024-08-09,1
b5d1d1e4-d5b0-4b4b-b4b5-58d37dccb2a6,Christopher Smith,31,2024-09-05,Premium,2024-04-01,1
97a9b269-1287-4959-a657-52782eff64ac,Lindsey Hardy,30,2024-05-25,Standard,2024-06-16,1
f20eef44-5678-495a-85e7-d4ed568c3bd5,William Pearson,44,2023-02-21,Basic,2024-10-03,1
ecbefa3c-967f-4eaf-8f96-9537099c115f,Tiffany Wilson,36,2023-05-17,Standard,2024-05-10,0
1c69d0f4-dbba-4240-8740-8121d919c995,Brian Webb,56,2024-09-20,Premium,2023-12-15,0
b49fa37c-bafc-4755-bef8-bca2bed47a61,Alec Phelps,48,2023-02-21,Basic,2024-08-25,1
2f34d885-19bb-4112-a5ff-039bfd550fdf,Hayden Guerrero,65,2023-09-13,Premium,2024-05-14,0
634bebc1-ce7a-42fc-9efe-99f4141b7e45,David Lang,62,2024-09-12,Standard,2024-07-24,0
0d46334b-c344-48ce-bb35-622f045811a7,Jeremy Powell,43,2024-10-02,Standard,2024-04-03,1
df837f84-4507-4c9a-8f61-a6bca6d96269,Alejandro Cooley,33,2023-02-22,Standard,2024-09-17,1
d0e6c984-6d87-4454-a583-9bd9f2cf8cf9,Michael Jensen,54,2024-01-13,Basic,2024-01-21,1
0dc54697-a5eb-4f8a-83ea-9b9d104326e9,Curtis Davis,49,2023-12-17,Basic,2024-09-19,1
3361a35d-7931-4094-82b4-15e123e9c88c,Carrie Bauer,31,2023-06-10,Standard,2024-01-22,1
7d485020-3d23-4c3e-9d08-ee40b9b80e7e,Richard Myers,65,2023-12-19,Basic,2024-10-11,0
35a68621-7499-4607-b917-695ad3ea5e1d,Rachel Green,65,2023-12-21,Basic,2024-01-14,0
21f2add5-3eb1-4e58-ba37-990ffd0f0e14,Vanessa Hardy,46,2023-03-17,Premium,2024-06-09,1
570195e9-a1c9-488b-b1e5-966a0d0b49a8,Carlos Merritt,45,2023-05-06,Premium,2024-02-09,1
2de47409-5af4-4165-8e18-65cdf68127da,Scott Morgan,43,2023-03-25,Premium,2024-05-13,0
a5b22dfe-0dbd-4e89-9b98-4294fc233006,Steven Love,51,2023-10-25,Premium,2024-01-01,0
1dc9fda4-d058-4f16-882a-a0f5ffa26932,Aaron Wise,65,2023-04-08,Premium,2024-06-27,1
559a6eaf-c7c3-4de9-a9c5-f93aa8b5ce32,Aaron Hogan,65,2023-06-11,Premium,2024-04-28,1
4060e882-94ab-4f14-8b07-4cf060dbd655,Charles Dodson,69,2024-07-26,Basic,2024-01-09,0
d6af0005-63ca-4de7-867c-90b158c07018,Tyler Hunter,61,2023-09-08,Standard,2023-12-18,0
ddbd55e9-0af4-4ed6-96cb-8efa72258593,Lori Rose,30,2024-10-24,Basic,2024-06-24,1
b1d0839a-85d1-4cc3-b920-6486855799d1,Angela Sanders,42,2023-09-04,Premium,2024-02-17,1
e2d7025a-4fc5-415e-bbc7-ae2121e86c2c,Michael Dennis,26,2024-01-01,Standard,2024-09-20,0
8f12a7c4-1b8b-4ff8-b612-5c34f598eb7d,Anna Day,35,2024-01-02,Premium,2024-09-03,0
9db76dcb-dd23-43bf-86b1-f0597a060ae2,Michael Barnes,64,2023-05-11,Basic,2023-11-29,0
7c9310e3-2254-417b-855c-5bdb96dc7cda,Jessica Robertson,67,2024-11-08,Basic,2024-09-07,1
619d10b3-c136-4be7-9188-403446f31a71,Darlene Carpenter,53,2023-09-17,Basic,2024-02-11,0
afee39d9-45a0-4ce0-83de-29387c700e73,Katrina Jimenez,35,2024-01-15,Premium,2024-04-04,0
64984b19-3160-421a-a8ff-8c77d43c5f51,Travis Kelly,21,2023-01-05,Basic,2024-10-29,1
7a5b54c4-4e61-4cfe-8378-748c9e91bd63,Jamie Perkins,43,2023-09-03,Basic,2024-07-06,1
5333d910-b6f7-43eb-8733-5a0479ca07f3,Christopher Brooks,52,2024-07-05,Premium,2024-07-21,1
01841294-55a0-490d-9e69-e91b478390ad,Luke Simpson,48,2023-12-27,Premium,2024-03-28,0
13df7591-6e65-46cd-b9da-2ee0687b1f36,Jessica Butler,42,2022-12-03,Basic,2024-06-05,0
cd4f9ec2-4d55-4ade-91bf-71c9c30f8116,Cheyenne Brown,21,2023-03-26,Basic,2024-03-30,0
d4b26a8b-46c3-475b-9b3b-e0be3d6203a1,Angel Rivera,50,2023-09-21,Premium,2024-01-25,0
1d03299e-e4a1-47be-9005-7e481c145da9,Rhonda Navarro,43,2024-01-13,Basic,2024-07-19,0
789b0638-7df8-47d6-8a9b-dbad4dc7a4c5,Bryan Eaton,30,2023-08-30,Standard,2024-02-06,0
1f22ce50-d7ef-4af6-96a5-26861978d28f,Cindy Barber,28,2023-07-27,Standard,2024-08-16,0
3212f152-1905-45a4-aac4-922c983698bb,Robert Martin,26,2023-03-29,Premium,2024-11-08,1
07ee79ec-752d-42db-8b01-02b1a19896f6,Roberto Gomez,49,2023-12-17,Standard,2024-01-18,0
89d419f0-8cbe-4221-a928-08f02a51bb64,Kimberly Adams,24,2024-08-27,Basic,2024-07-08,1
32a26cc6-1049-4e42-a737-901a97734987,Haley Johnson,63,2023-07-05,Premium,2024-04-27,0
a84ecb2c-c7af-4655-b146-c87ad8e1a341,Debbie Nichols,50,2023-04-23,Premium,2024-10-17,1
bae8635d-7246-48fb-ac29-f4df5fb1519e,Marco Hayes,39,2023-06-08,Basic,2024-06-27,0
add40b6b-4aa4-4b75-b536-24bda28b3fef,Debra Kelly,36,2023-01-22,Basic,2024-02-13,1
f7793004-a246-40d2-b389-cf706e94f721,Wayne Walsh,53,2024-07-02,Premium,2024-09-08,1
800d9c10-18a3-46c9-9a0b-273c31fd8d4e,Kaitlin Bell,21,2024-09-28,Standard,2023-12-02,1
6b529bb6-d423-4a4c-aa8b-66867f0b2f45,Jon Harper,62,2023-11-11,Premium,2024-04-09,0
29e2d1a7-695a-478f-9600-6333e2749ee2,William King,24,2024-01-26,Standard,2024-05-14,0
ba3f3fb0-2610-418a-917a-ae7b9cd0c61c,Jeremy Smith,48,2024-07-23,Basic,2023-12-27,1
b0ac61f4-9be7-41a4-9d11-ae06d7e208a9,Tina Moore,29,2024-03-21,Standard,2024-11-09,0
d91729f3-1dfb-44e9-a46d-c6d45c402ed8,John Harris,36,2023-06-25,Standard,2024-01-13,0
ef3a32e7-cbb6-45e1-8495-540e6df3b3b6,Mark Moore,36,2023-10-27,Basic,2024-07-28,1
dbc94d91-1b43-4d81-9ad5-320cbb4c4cd5,Monique Garcia,38,2023-04-30,Standard,2024-05-08,1
6be8a535-570b-4a10-a407-6c0b4d2464b0,Maureen Ritter,54,2023-07-28,Basic,2024-06-06,0
a91d86b0-dd33-4808-9336-e7a34ad63ecf,Amy Harris,43,2024-09-22,Premium,2024-08-29,0
b55654cb-5b35-4cd4-8db1-a7a65376b222,Jennifer Huerta,51,2023-04-25,Premium,2023-12-29,1
0a7fc77b-fd5a-497e-9cf5-31191c403441,Lindsay Petty,47,2024-11-18,Basic,2023-12-27,1
a2a59eef-f92a-4230-8d10-a1a5829f9a75,Kevin House,37,2024-01-13,Premium,2024-04-27,1
fad44d6e-df04-4856-9ebd-7a9198be237c,Ronald Moore,20,2024-08-15,Basic,2023-12-08,0
fd2cc75b-10dc-4b6a-b55f-0a625b3f6f6f,David Arellano,63,2023-02-23,Basic,2024-01-10,1
34d949e7-d608-4398-96cd-30e25b4918c6,Luis Davis,45,2023-06-22,Basic,2024-08-02,1
3ded6984-7ecc-4a70-a0e5-fac0f0460d95,Michael Ross,55,2024-06-09,Premium,2024-07-12,0
8239a5b5-ddc0-4f5b-83de-7ea95c981ab9,Raymond Mclaughlin,55,2023-09-02,Basic,2024-10-01,0
cbacea7a-afac-4153-b483-125f9d922548,Kristin Brady,61,2024-01-18,Standard,2024-05-09,1
59087c76-28a2-48a9-891f-50df36abfe1c,Roger Howard,54,2023-07-31,Basic,2024-01-12,1
5998cd71-9d3e-402b-b8a7-a0df093271f7,Sarah Russell,42,2023-11-07,Premium,2024-06-20,0
a603667f-db3f-4953-bb59-32a3ca52d95a,Angela Davis,67,2023-04-14,Standard,2024-01-22,0
e5bb3070-ecb8-4f14-9cad-db23d1d7c5a8,Amy Sharp,34,2023-01-25,Standard,2023-12-23,1
65fb02a6-a94b-4508-bfbc-ffb6ba377a2f,Patrick Wilson,25,2023-07-31,Basic,2023-12-30,0
6d84a595-4e52-44a2-a368-b1603189c604,Larry Bates,49,2023-08-24,Premium,2024-09-13,0
f27242c0-1abf-4a75-9e4b-4a92c530d201,Crystal Gonzales,23,2024-04-11,Basic,2024-09-05,1
a4953beb-0bfe-4402-be5e-33efd2530eec,Richard Cisneros,67,2024-05-30,Basic,2024-09-08,1
c64de709-a1cc-4759-8626-3f322924fd18,Joshua Chen,29,2024-09-02,Standard,2024-09-24,1
7ee4e053-7727-4c06-a200-c5ea0bc101db,Laura Rodriguez,53,2024-05-27,Premium,2024-07-28,1
1e2e19b6-0d56-4306-8918-1fc19939b59f,Yolanda Sanchez,30,2024-08-08,Basic,2024-04-26,1
3e2ee565-12f1-4882-acac-e744d6f9bea6,Patrick Duncan,66,2024-07-31,Premium,2024-08-29,1
b5ed54e7-b13a-402c-b055-d01710208b47,Shane Sanders,49,2023-05-06,Standard,2023-12-06,0
e150e4f6-2b73-40e7-a3fd-db986a287bf7,Michael Harvey,37,2024-03-15,Standard,2024-05-05,0
5613043b-4e6b-4fe8-a264-15c4ac3a9b71,Judy Bishop,38,2024-04-11,Standard,2023-12-11,0
578cc757-2859-4f9d-a5e5-4fc0d325ac69,Amanda Ramirez,40,2022-12-27,Basic,2024-05-03,0
adfe4e00-814e-4a3c-91d4-307a29a2a4b6,Robin Lawrence,36,2023-07-12,Premium,2024-10-02,0
0ea28369-ca9b-4d29-93dd-318025085e5d,Mark Smith,43,2024-03-11,Basic,2024-03-06,0
fadf5a9d-efec-4d66-a854-94b71b2c1510,Jeanette Campbell,46,2023-12-11,Premium,2024-02-23,0
381a54fc-d137-4e0f-a8ad-71749140511a,Hannah Francis,64,2023-10-25,Basic,2024-09-09,1
8068c53d-d5f8-4f25-bbe4-f38ce8af8f60,William Gray,42,2024-06-26,Basic,2024-05-27,1
93d2784a-d499-44ef-9cf6-935c121c7fc6,John Ibarra,47,2023-06-19,Standard,2023-12-08,1
b6dd1f95-8778-48c6-9c81-cedc39b02991,James Williams,53,2023-04-13,Basic,2024-02-26,0
e4436426-df1e-491c-8b59-b88bffa19377,Nicholas Mccall,68,2024-11-16,Standard,2024-10-21,0
cffe934d-6998-4919-9abd-bf2c0e7fbae9,Robert Williams,32,2024-08-20,Premium,2024-05-25,0
a09e1fe1-2314-4960-a76a-3309268d4fc8,Lauren Cordova,47,2024-08-10,Basic,2023-12-13,0
6fcd07d5-c8f4-477f-9cad-a56a09f1f286,Raymond Greene,56,2023-03-18,Premium,2023-12-08,1
c8a130b2-0d83-4d95-96d0-73f6acef5902,Kelsey Meyer,35,2022-12-15,Standard,2024-01-30,1
1d9f883b-e849-4659-8754-43fc868f44d1,David Anderson,52,2023-03-02,Basic,2024-04-26,1
0c58ae57-e3fe-4d3d-acaa-44099ec35767,Nathan Mason,40,2024-07-24,Premium,2024-09-03,0
2a208667-faa6-47f7-b1e0-d5fa638eda3b,Erin Diaz,33,2023-12-24,Premium,2024-10-21,1
3dfc9698-525f-495f-b77f-158b118ece4a,Mrs. Jessica Conner,18,2023-09-25,Basic,2024-11-13,1
c9efb2a4-4655-4035-952b-715a4c6e74de,James Knox,69,2023-10-15,Premium,2024-02-19,0
37f1dcbc-7336-4013-ab7c-87c8671cef92,Larry Murphy,67,2023-12-29,Premium,2024-02-03,0
1c90de6a-d473-4b86-90cd-955039e31b7a,Amy Braun,67,2024-05-14,Premium,2024-05-01,0
02c64ab0-ac8c-494d-9c08-4c0b12ee08ec,Emma Washington,35,2023-06-06,Basic,2023-12-01,1
e34d40a5-7924-401d-8fb5-c9cac2460f4e,Jamie Hunt,58,2023-10-24,Basic,2024-01-08,1
abca090b-1c8a-414f-9943-69e2e60f72d6,Joshua Harrison,43,2024-10-21,Premium,2024-08-03,1
7c3a1869-2d40-4d55-9ae3-61582311bf86,Mario Rose,29,2023-05-28,Basic,2024-09-01,0
e1064515-c697-4a1f-a3a7-933f69601400,Michael Rich,48,2024-07-31,Basic,2024-05-17,0
856837b1-07a1-4dbf-97e2-3fd684daf663,Katherine Davis,58,2024-04-30,Premium,2024-02-28,1
274aeae2-adef-4e46-bb4d-a66f4bed5ad5,Brittany Hughes,48,2023-01-02,Basic,2024-11-08,0
514f5086-a566-473c-befb-0c42bc561109,Mrs. Teresa Wade,38,2023-08-04,Basic,2024-02-07,1
42871eb6-5ee2-4025-9445-3c758f64401b,Jacqueline Alexander,22,2023-03-04,Standard,2024-08-16,1
5f5a478f-fb18-4b40-a61f-2a09f2c33788,Jacob Cole,50,2023-09-21,Standard,2023-12-22,0
daa7ce41-4d07-449d-9736-59cae50e8734,David Peck,46,2023-09-23,Standard,2024-08-11,1
5556f095-51c8-446c-a554-d4b2e41744a5,Ryan Stephenson,27,2024-01-25,Standard,2024-01-01,0
054f5d8b-2cbb-4f08-aa3a-5ab599d78d9c,Michael Williams,56,2023-01-24,Standard,2024-03-10,0
1fdf6bf2-7475-4f36-aeeb-90699e74e6f1,Sharon Hoffman,30,2023-04-26,Standard,2024-03-25,1
83c77c87-83a3-427e-acab-2b1f1beac5d1,Ryan Johnson,35,2023-12-01,Basic,2024-09-07,1
2e8c8e34-7c7b-4df0-bcbe-f4e7e0fd0815,Vanessa Ward,18,2023-10-15,Basic,2024-07-20,0
9eaa4016-7a64-42e7-b6a6-3c24a79dd6cc,Michaela Williams,20,2023-04-19,Standard,2024-07-15,0
18db31b9-c577-4f7c-a3d1-7061c4bf3ba9,Mrs. Cathy Wagner,48,2023-05-03,Basic,2024-07-20,0
c0af743a-9687-48af-9c32-bdb2054ff640,Emma Williams,63,2023-03-15,Standard,2024-06-16,0
e83dbedb-dec8-42ec-b670-dd72c2138363,Elizabeth Gibson,63,2023-05-14,Premium,2024-02-18,1
133fbd11-a166-478d-ac28-373d3236ec24,Justin Burke,64,2023-02-09,Basic,2024-06-19,0
0836af00-070a-4225-a84a-bd7a3248e7ea,Corey Watkins,34,2024-04-01,Standard,2024-10-28,1
6a405a9f-5bb0-4cb0-add2-78afe3bb92d8,Linda Gaines,64,2024-05-18,Basic,2024-02-12,0
6e09684f-bbc1-4f0c-8f18-b9896da6e15f,James Warren,33,2023-01-12,Basic,2024-11-05,0
56a53c42-8de3-434c-8423-70959c62c20d,Timothy Liu,35,2024-05-20,Standard,2024-08-27,0
faa5f5fc-1074-44fe-b9d8-388b79998edb,Christine Johnson,68,2024-08-15,Standard,2024-08-30,1
153b487d-c8a1-4f4f-83e3-0fed27497f79,Sarah Morris,20,2024-11-18,Standard,2024-08-14,1
1c9fc287-23a2-45ea-898a-260c3b5273bd,Roy Maldonado,40,2023-12-09,Basic,2024-03-28,0
8c975245-aa12-4956-9451-91001ddaf810,Randall Roberts,45,2024-08-20,Basic,2024-10-14,1
04d8c75c-227e-495b-aac8-f211cac61efb,Pamela Malone,55,2023-09-30,Premium,2023-12-30,1
96b55e1e-ce18-48af-8eca-18acaec4792c,Joshua Chase,26,2023-09-28,Basic,2024-10-10,0
d9be3d61-faea-4bb5-afe3-700e40ef7495,Brenda Fields,61,2024-01-19,Standard,2024-01-05,1
742f26c1-e194-4e12-89bf-b9e86bfa77c1,Dr. Stephen Rodriguez,46,2023-08-16,Premium,2023-11-27,0
5838d186-572d-4ec5-8291-30aa45389d80,Catherine Carter,67,2024-08-04,Premium,2024-07-19,1
0d98d153-bebe-4f60-9768-7f84bebdfd9e,Bianca Dorsey,18,2024-09-17,Basic,2024-04-12,0
ff431217-b790-45bf-9895-e9d46277f1da,Melanie Fleming,43,2024-07-04,Basic,2024-03-09,0
c95adac2-3272-43bf-8715-ca1028e863ae,Jeffrey Scott,67,2023-12-10,Standard,2024-10-08,1
495b75bf-b259-4776-b008-a2cae0e14492,Michael Johnson,61,2023-12-22,Premium,2023-12-17,0
b25ad3f6-aca3-4bfa-b3d6-f993421e8176,John Miller,56,2022-12-18,Standard,2024-11-05,0
ecb3f7a3-bebd-4c42-9afc-0bbe7bc0f8ef,Christina Weaver,57,2024-06-16,Premium,2023-12-07,1
1301bd95-38b8-4164-996f-e37da9beb09c,Amanda Phillips,25,2024-09-20,Standard,2024-07-03,0
f7734ed3-9fe0-44b7-86ab-6e7f65fb4f21,Mike Gentry,43,2023-05-30,Basic,2024-06-17,0
76e61cca-2797-4bce-87ee-c02b8bc2972a,Scott Cohen,60,2024-01-23,Premium,2024-11-13,0
251e0034-7782-49b3-a6c1-dbfcbc38ea6e,Cindy Phillips,47,2024-04-10,Standard,2024-01-02,0
f18506f1-3d47-48d5-af0f-645b3c2682f0,Steven Wilkins,52,2023-10-21,Standard,2024-10-25,1
5d27d9cf-68e5-48e4-972c-8c4185122da6,Joseph Castillo,28,2023-08-10,Basic,2024-06-14,1
9ba7f852-91ac-4784-a26b-7cb769c0bef4,Misty Arnold,26,2024-05-26,Premium,2024-02-18,0
f96cb966-9c87-404b-afb2-1749f4d4ad0d,Vincent Martin,69,2024-11-20,Standard,2024-09-19,1
86d95baf-e855-454f-99c2-e70fb9859df8,Curtis Ellis,61,2023-10-22,Basic,2024-07-30,1
00bdc1df-9283-44b0-9b26-195bfc91b5ed,Erika Adams,33,2024-09-15,Basic,2024-09-19,1
7615fc8d-b721-48da-9e9d-77c0cfeb9bbc,Tyler Hays,63,2024-07-19,Basic,2024-01-28,1
c1ce3e56-7c74-42f9-a384-608038b7a9e6,William Gomez,21,2023-11-22,Basic,2024-08-07,1
485d766e-ae4c-430b-8b5b-b64afd837308,Christine Perez,48,2024-04-08,Premium,2024-10-10,1
6f915575-8618-4359-ae84-e0c1834f087f,Katelyn Henry,24,2023-11-17,Standard,2024-08-31,0
fd8c8a97-0720-42eb-8f4c-2bdeba7a9b51,Brandon Glenn,27,2022-12-10,Basic,2024-07-14,0
b28eb928-ea97-4608-8ae7-0babe0c429f8,Eugene Griffin,30,2023-07-04,Premium,2024-07-30,0
ce66bc52-d0ef-4a90-8a64-35ccbdabde04,Donald Jimenez,42,2023-03-24,Standard,2024-08-22,0
497436c6-5f8a-4b6d-8117-71e9bf808d14,Marcia Anderson,25,2024-08-20,Premium,2024-09-11,0
5d51d915-4d36-4f3b-a5fe-8452f89862c3,David Lopez,39,2023-06-29,Basic,2024-08-04,1
e3b37c2e-211c-4d67-bd66-864ab0ad9dce,Sherry Carr,25,2024-07-04,Standard,2023-12-07,1
a143632d-2aec-40b4-984d-522564dfebd3,Lauren Hines,59,2022-12-24,Basic,2024-06-16,1
e2785162-32eb-48c9-ba26-1a6f9cab107d,Kyle Dawson,47,2024-01-11,Premium,2024-01-31,1
d287736b-3a77-4c70-bc0c-38f692ca3ca7,Brandon Johnson,27,2023-01-02,Standard,2024-09-01,0
7e76dd8e-55a2-4520-87ca-b6fbdc72cb47,Allen Hendricks,69,2023-03-17,Premium,2023-12-11,1
1c6ab2ce-6128-41a2-87b3-8b1f793d1eaf,Leah Mcconnell,26,2024-04-23,Basic,2023-12-30,0
9547fff7-050b-4d47-abd3-fa2ea9aa2685,Kathryn Hanson,24,2024-10-10,Basic,2024-02-01,1
6788ab6d-e830-4ce6-91ae-458b8c263dcd,Carolyn Oconnell,38,2023-11-19,Standard,2024-04-26,1
1bf9d783-17fe-4499-85fc-de72178a6b26,Elizabeth Wood,34,2023-04-29,Basic,2023-12-19,0
27c78d4d-2772-4aa9-b65a-74222d1324ad,Holly Martinez,47,2024-01-13,Standard,2024-08-18,1
34afe59c-1070-41a5-98be-f83b02ab096a,Lisa Sims,38,2023-04-14,Standard,2024-05-21,0
86590e03-c52b-461e-9df7-2b81bdc47a92,Debbie Sanchez,32,2023-03-10,Basic,2024-07-27,1
e07275ce-d6bd-4ad9-b614-1851c33f5357,Lindsey Patterson,27,2022-12-12,Premium,2024-11-06,0
96cc3a20-c333-4188-804d-127c0d22d6f5,Gregory Miller,29,2023-12-02,Standard,2023-12-29,0
91058dea-2f9c-4532-9a78-71160a4bf2ba,Robin Cabrera,61,2024-04-09,Standard,2024-10-19,0
6bcf1237-bfc3-49cf-b058-498f5e5ee0d1,Carla Newton,46,2024-03-28,Premium,2024-01-22,0
4a3d6b8c-bd74-432a-9fc3-b0893ec914b1,Devin Williams,47,2024-10-04,Standard,2024-06-01,1
7f41e84d-ae13-41ac-9a5d-38ab5e075316,Laurie Calderon,37,2024-11-07,Premium,2024-07-11,1
2d756b54-e944-4c37-882b-8b9113fdd1a0,Karen Sanchez PhD,56,2024-11-02,Standard,2024-02-02,0
1ca20281-196f-4bc7-a23c-ef9ad362fe0a,Anthony Evans,54,2024-04-06,Basic,2024-10-03,1
270714d0-6bc7-4fe7-a79a-07d4a67819ab,Ebony Powell,66,2023-04-26,Premium,2024-05-01,1
5e71aad2-02ae-4675-9c6c-04bc22ab13e7,Wayne Mills,23,2023-04-13,Premium,2024-09-30,1
672b12ba-b164-456a-a0a8-d83a3dd7ffa1,Christina Francis,33,2024-09-03,Standard,2024-03-04,1
7149b05d-5614-42e4-86b8-b6f0e3224a14,Andrea Guerrero,52,2024-06-13,Premium,2024-10-29,0
21eb9a40-b11d-4b90-a920-9d38e5731600,Fernando Mayer,57,2024-03-17,Standard,2023-12-06,0
80703d26-6560-4357-8c39-80ba1ff6803d,Robert Smith,22,2023-08-06,Premium,2024-03-27,1
63b622bf-6089-40af-a2bd-2b066952674a,Amy Martin,55,2023-04-27,Standard,2024-05-12,0
7db5344b-5916-4d63-a12a-c6ddb42d6e6e,Jessica Jackson,45,2023-10-05,Basic,2024-08-10,1
b454377f-2128-46a0-be2a-f474b118827d,David Foley,30,2023-03-19,Premium,2024-06-16,1
dd971287-6477-4459-a72e-100c273b3e4e,Tina Ford,53,2023-01-17,Premium,2024-03-05,1
36fa49aa-8a4c-4a0d-a79a-44688b95653b,Alexandra Logan MD,40,2024-04-30,Standard,2023-12-30,0
f37a85cc-ff96-481a-be89-c3cdf1d183e5,Joseph Chavez,53,2024-09-14,Standard,2024-04-30,0
0db3d733-1db6-434f-955b-9549e264c114,Breanna Snow,34,2024-04-04,Standard,2023-12-07,0
66c511a3-26d2-45a0-8122-d44c34e97bfb,Justin Leblanc,60,2024-02-18,Standard,2024-02-19,1
a05952cc-e6ae-4869-9342-63fc007ed334,Brenda Roberts,63,2023-10-15,Basic,2024-08-15,0
eeadb76f-4d85-4903-8fdb-66bfee5c4aee,Nicole Morris,36,2023-06-25,Premium,2024-11-15,0
6c3ea7bd-0d59-4b50-8447-3b9fed12ca51,Steven Wells,35,2024-08-21,Premium,2024-05-10,0
78b6bd9f-63ca-4de6-b258-621e2d855011,Amy Roberts,66,2023-04-11,Standard,2024-04-24,0
b1efd0c9-3004-47b7-b0f4-0fe11ce79313,Tina Doyle,35,2023-12-06,Premium,2024-10-30,0
c8de3ec4-d80e-42fe-a380-bc10cb220d77,Thomas Richards,70,2023-06-25,Basic,2024-06-28,1
e3ae6233-9ce6-432a-be25-e6e021f56a9b,Jonathan Harper,26,2023-03-30,Premium,2024-11-22,0
53bdaf3d-af85-4b47-88be-2663b9b7549b,Stacy Kelly,65,2024-04-13,Basic,2024-06-18,1
85924eb3-a5a5-425e-9e32-a0739ea01d1a,Nina Jensen,29,2023-09-15,Standard,2024-03-21,0
9340084c-39e5-44cc-b51e-093cfbd6eba1,Jonathan Wright,70,2024-08-27,Premium,2024-08-31,1
95951a62-172c-4c85-8f7e-4f55c4d5ab3d,William Walker,24,2023-03-24,Basic,2024-04-18,0
d7e3ca62-3b6d-4b70-825b-1d28ed2e2c5c,Darin Doyle,53,2024-03-28,Basic,2024-09-30,1
5aafe9a0-aba3-4461-96e0-f4ff49bea4b3,David Nunez,51,2024-03-11,Basic,2024-09-02,0
517a478f-a11f-4c98-94a5-e8f8307994ce,Aaron Malone,69,2023-12-29,Premium,2024-07-05,1
de61ebf5-c4b6-4300-bba8-521976919ba2,Lisa Hansen,60,2022-12-17,Premium,2024-01-04,1
006ffb10-1591-449b-9b05-00055e25660c,Cole Colon,31,2023-03-22,Standard,2024-06-04,0
fd85a811-f786-4b53-95a8-f79d664c54db,Mrs. Rebecca Riley,37,2023-03-18,Premium,2024-02-07,1
cabbe524-382e-42c9-b07a-289306213e07,Jordan Miller,31,2024-05-29,Premium,2023-12-13,1
53e92fe7-39ca-43a1-9f6f-c76cced3d907,Peter Villa,49,2023-06-03,Standard,2024-01-01,1
bab0b2b4-bc2b-40d2-8e3f-10c947cbb302,Rachel Franklin,57,2023-08-25,Premium,2024-04-14,1
ab71b0f2-8c26-45fc-95f9-029e5abb6e90,Henry Hughes,38,2023-03-08,Premium,2024-01-04,0
09e31cc3-2f4c-457a-96e3-8910b58a7dba,Katie Gray,45,2024-08-02,Standard,2024-03-19,0
b0beef15-905e-4c78-9b96-cec5934afc35,Laura Adams,51,2023-10-19,Premium,2024-07-20,0
96b1f263-bac8-4287-8038-0f0a920d771e,Kim Whitney,35,2022-12-13,Premium,2023-12-27,1
90550259-394d-4add-af94-7eb7936673e8,Leslie Morris,46,2023-06-04,Premium,2024-07-23,0
59cde3ae-e450-42f1-86e7-fa2c4f60898f,Veronica Pierce MD,39,2023-10-10,Premium,2024-04-21,1
0c303371-0a53-4d2f-9929-1a90f49b9249,Joshua Singh Jr.,57,2024-05-03,Standard,2024-02-28,1
ad7398c9-2399-459c-941e-ca2433c7a0da,Joseph White,24,2024-06-10,Basic,2024-06-02,0
4f3bffcf-7bf4-482b-978d-225fd553bd5a,Alejandro Brown,65,2024-10-09,Standard,2024-05-06,1
d36816ec-084c-46dd-9ede-070ecc0112f9,Sara Gray,26,2024-04-28,Basic,2023-11-30,0
fea16ab0-d824-44f1-8cfc-e137d18c7283,Elizabeth Howell,19,2024-01-21,Premium,2024-01-11,1
27ad8bfa-bb08-4241-95b1-4ed99d366e15,Roberto Sexton,42,2024-05-14,Standard,2024-11-16,1
a60e7a9b-0161-4e3c-92f0-4f20ce5378a1,Anthony Fowler,56,2023-02-06,Standard,2024-01-24,1
e0f2ba26-9ae9-4008-bc5f-51a0591cfeda,Heather Ibarra,47,2023-12-15,Standard,2024-10-14,0
06cff9a7-1edb-4a61-89e2-faed42f2b412,Jenna Richardson,64,2024-10-22,Standard,2024-09-10,0
67dc87a0-caec-4d58-8421-821ca08ae63b,Amy Adams,56,2024-08-12,Premium,2024-03-22,0
cd584a00-6136-4a12-bd85-3ccc6fd58507,Jennifer Gentry,59,2023-04-22,Standard,2024-09-05,1
88d570f8-a3b6-4156-9d52-40ded19ee0cc,Kathryn Sandoval,19,2024-02-26,Premium,2023-12-10,0
c1aeff30-e066-4cc6-bc3b-5baa00477887,Karen Medina,38,2023-03-08,Premium,2024-06-06,1
a806033e-608a-4896-b133-c3b75057de9b,Martha Miller,59,2024-09-24,Premium,2024-02-28,0
b392baf6-892b-4084-81cf-714c819bca57,Anthony Lopez,64,2024-10-06,Basic,2024-08-22,1
f2c5bf59-fe27-4c5d-aaef-2423b007e49b,Rickey Richards,27,2023-01-16,Basic,2024-11-05,0
7b657880-b843-4f8f-9593-dfd3e8d0b7e6,Amanda Rodriguez,59,2024-09-26,Standard,2024-07-22,1
b12b324d-fb4d-4c05-b371-00b6b86119f9,Sylvia Wilkinson,62,2024-11-04,Basic,2024-11-20,1
856f4d67-ef02-4779-abbd-d678f0993592,Patrick Edwards,38,2023-05-31,Premium,2024-07-03,0
ccf4c35a-714a-434c-a4a2-85915e52791b,Julia Mccormick,50,2024-03-25,Standard,2024-05-13,1
d50636e3-de98-4459-b62b-4e79ffc9fb8a,Carl Martin,62,2023-10-13,Standard,2024-10-21,0
bc1fa077-3215-47c3-aacc-1f43408d483d,Corey Anderson,47,2024-05-25,Premium,2024-03-11,1
2d01550c-4fd4-4bf1-9f98-cd724b86ef93,James Miller,46,2023-09-10,Basic,2024-10-21,0
9b8f5be0-9a38-49a6-943f-50b0f0ec0f2e,Douglas Morrison,53,2023-05-08,Premium,2024-05-13,0
d2dd72b7-4bff-4beb-b982-b8a5d6ac3330,Connie Odonnell,50,2023-10-07,Basic,2024-03-03,1
f0fcdb0e-c7cd-42cc-96a9-643a7398148a,Jennifer Miller,23,2022-12-07,Standard,2024-01-04,0
db5db4ab-f196-42e5-a177-d81609ef176c,Shannon Hart,27,2023-06-18,Standard,2024-04-09,0
84085981-df39-4abf-a82b-ab6e54c17f9d,Angel Simmons,34,2023-09-10,Basic,2024-09-21,0
db69b16f-adbd-4300-b764-d952f3d85145,Mr. Kyle Murphy DVM,22,2024-11-21,Premium,2024-01-05,0
e5e211f5-1e98-426a-bb75-ac1b53608469,Scott Smith,53,2023-02-16,Premium,2024-02-25,1
8b2da818-e40e-470e-9d5e-2395c6acd2d7,Jean Chavez,48,2024-06-09,Basic,2024-08-30,1
7ae8c922-6c0c-42bf-9477-6eacb3f38976,Jeffery Wiggins,62,2023-03-06,Standard,2024-03-03,0
708f80d8-cc83-494a-9827-e6b6ca6bfc9e,Bryan Schmitt,29,2023-04-28,Standard,2024-11-04,1
f232962c-ebbb-427c-b2e9-558d307c96ad,Hector Lewis,57,2023-01-06,Premium,2024-08-08,0
5e53844b-1f56-47dd-90af-6730ecbfd46b,Crystal Daniels,19,2023-03-14,Premium,2024-07-16,1
4181b7a3-71a8-4444-b524-658e782450a0,Michael Moore Jr.,39,2022-12-21,Standard,2024-07-19,0
245c6ad9-744a-4a78-854b-198ab2b9e914,Brian Williams,37,2023-11-22,Standard,2024-07-04,0
07027aa3-ca67-40b4-8c45-008aa01c923a,Mike Mullen,37,2023-10-07,Premium,2024-02-03,1
b6791b33-5c41-4fdf-95e4-8655d38d754e,James Landry,44,2024-07-17,Standard,2024-09-06,0
25a59e24-416c-465b-9372-74cf263e6353,Megan Woodward,21,2023-01-24,Standard,2024-08-30,1
4433696c-7c45-42dd-a58c-02247c20ae13,Shannon Johnson,53,2024-05-14,Standard,2023-12-05,0
68c48b0a-2bf0-4cb4-ae3a-34756003d5fb,Catherine Howell,28,2024-03-08,Standard,2024-10-30,0
47dc9edc-d827-4a54-ba7a-6dcb6f5ba0e9,Tamara Lopez,41,2023-06-21,Basic,2024-06-12,0
17d24b11-440d-4c07-9573-b0eee5e1a7c5,Jennifer Daniels,54,2024-01-13,Premium,2024-10-06,0
147a1ca0-972d-4c02-957f-c4e99b8678e0,Juan Bailey,27,2024-03-09,Standard,2024-05-28,0
3bf1b506-c1a4-44d3-b244-a660e4d0427b,Jack Parker,40,2023-05-21,Premium,2024-06-14,0
e80b5e1c-3274-4a57-b117-72c79668a7c0,Susan Simon,57,2024-07-15,Premium,2024-02-28,0
da3838ed-16e1-489b-82a6-890a187da31a,Karla Cruz,39,2024-10-18,Standard,2024-01-26,0
d18d42d5-696f-454c-b313-5ba9974ffe3b,Jennifer Blackwell,20,2023-03-04,Basic,2024-03-29,1
dbe4e19b-8daa-4ea0-8b76-618f704144f2,Dakota Jacobson,68,2023-05-03,Standard,2024-09-22,0
1ae4269d-da38-4078-8458-84cec38ab903,Mr. Brandon Barber,25,2023-12-08,Basic,2024-10-12,0
2a12d2cb-3e72-41e8-aa01-1ceb223a4b69,Anthony White,50,2024-02-13,Premium,2024-08-27,1
1e1aca07-7166-4efc-8c30-c7c5ae6c2197,Kimberly Diaz,56,2023-02-23,Basic,2024-02-15,0
ec0b888b-bc37-4950-afa0-6d196a4ee06b,Curtis Hines,19,2024-04-25,Standard,2024-08-09,1
61768557-c9be-41b9-b8ba-cbf0158a06cb,Shari Hamilton,40,2024-01-26,Standard,2024-04-30,0
7ae0e25e-6c0a-41ae-9ab6-20a61f0fc1f7,Kevin Mills,38,2024-01-27,Standard,2024-08-05,1
5feedb1c-299e-4cab-bc44-0064f919df94,Kimberly Long,23,2023-06-29,Basic,2024-11-18,1
fc67550b-1c17-42ef-a229-6158fff7aa82,Peter Wood,63,2023-12-23,Standard,2024-06-11,0
7c47c81f-532a-4f3d-b1b1-a867cc6f9f87,Jack Davis,51,2024-04-30,Premium,2024-09-29,1
cd5ccc93-1c59-4845-b7f5-bc0168ba7bb6,John Stark,39,2023-12-04,Premium,2024-06-13,0
3e52e473-e36f-4b06-a05b-226f96e5c085,Adam Allen,65,2024-09-24,Premium,2024-03-15,0
438317ac-34f9-46c3-98df-4973a7993ae5,Kevin Bright,60,2024-07-09,Premium,2024-06-28,1
51b21fe9-4d9a-4e64-9ff6-5bfd4c703149,Mr. Darrell Hancock,51,2024-03-01,Standard,2024-02-12,0
b4650256-8c0e-40af-bd69-4c1d1e43d02f,Jean Richardson,60,2023-10-20,Standard,2024-09-02,1
97afd301-a679-40b4-b345-2b05b829243a,Andrew Ingram,45,2023-07-03,Basic,2024-04-17,1
d05c7ea0-767f-4f7d-8558-13430a43fc89,Richard Jackson,70,2024-05-07,Standard,2023-12-04,1
1929bd90-c671-4e22-8323-41c7e8a86018,Miguel Hurley,23,2024-10-17,Premium,2024-08-27,0
32d29f50-0450-4962-9720-47a693423a8c,Cindy Caldwell,30,2023-08-05,Premium,2024-05-17,0
9a76ae2f-6bc6-4851-8d43-52211ccb5052,Eric Cochran,18,2024-04-04,Premium,2024-06-20,1
a13587d7-cb9d-44e1-ac7d-6814b776678d,Patricia Rogers,44,2023-10-12,Standard,2023-12-15,0
51a5c117-a5d9-4f73-abbd-1d6ff165346b,Marissa Medina,42,2023-01-11,Basic,2024-07-29,0
185cdc9b-9379-4ee8-9498-bc31545cd171,Brittany Sims,51,2023-05-30,Standard,2024-08-07,0
3d417a7a-3eca-44b5-9912-1857c6d9af5f,Kevin Ortega,46,2023-11-08,Standard,2024-07-25,1
2d839516-117a-4c18-9358-6b8027fb5196,Terry Parks,48,2024-01-04,Premium,2024-06-08,0
6cfe471d-6681-487d-b1ea-df9a61dfcf97,Laura James,61,2024-07-16,Basic,2024-10-12,0
31c5acc5-92d6-4254-baf4-61b95dde45e4,Chris Bates,66,2024-07-12,Standard,2024-08-31,1
d142ae81-a404-458a-90a6-64494b9bdc22,Cindy Baxter,26,2023-06-01,Premium,2024-10-14,1
ef2cd641-70ce-4d2d-988f-200b018695f8,David Bauer,20,2023-11-25,Premium,2024-11-18,0
50d7e7c4-23dc-4b6f-8d81-b3e6cb93866c,Denise Watson,21,2023-01-09,Standard,2024-11-17,1
64a564ea-45ae-48a6-8fe0-518c6ec1575a,Brian Porter,60,2024-08-31,Basic,2024-05-02,0
8fcd0d92-c079-4f22-93b1-c3fd65f37ae2,Anthony Mata,43,2023-05-31,Basic,2024-05-03,1
b09165d1-2ef8-4d52-9562-2648780acb31,Danielle Smith,69,2023-02-22,Standard,2024-02-17,0
18fb068e-7524-4350-902d-a65f68e8d4ed,Kevin Bridges,69,2024-02-21,Premium,2024-06-06,0
ba807da7-0dcc-4d95-9dfc-9b0bb9613d2d,Danielle Johnson,48,2023-11-21,Premium,2024-10-11,1
29031520-c738-402c-ac29-e43916f05b19,Mary Melendez,51,2024-05-27,Premium,2024-09-04,1
38a26a2f-9f7a-4f60-ac6f-df3a7525ae97,Karen Walton,57,2024-07-31,Premium,2024-03-09,1
2348b6bc-73c7-4fa9-ae27-eadc1ea474a7,Latoya Berry,69,2024-01-12,Standard,2024-04-15,0
7e7d1281-9b10-4a25-9102-3d0ccd92dfde,Shannon Terrell,38,2024-05-11,Standard,2024-02-05,1
1b159bd5-8507-4996-a1a6-4a179c118fd8,Richard Mullins,30,2023-03-13,Standard,2023-12-24,1
864a6c4f-d0c1-43b5-83ea-aa4508bdeb1a,John Rangel,46,2023-12-28,Basic,2024-08-15,1
308ed535-3b04-4b19-877d-280fd29934cb,Robert Cooper,58,2024-02-03,Basic,2024-04-15,1
aaad2d8f-90b2-4802-b400-fb71e75cefc9,Jerry Miller,42,2024-07-07,Standard,2024-02-05,1
d27b6819-c3f1-4bfd-b939-a5c019195f90,Philip Williamson,20,2023-10-11,Standard,2024-02-03,1
bd624e9e-5e9d-446e-bd7a-d67c21ac3bce,Patrick Wilson,54,2023-02-09,Basic,2024-05-28,1
1cb6bb37-9971-459b-97cb-c762a2065ca5,Wendy Wood,68,2023-12-28,Premium,2024-03-19,1
517209c3-4202-44b6-ae18-517efe7f6ff1,Amanda Gomez,41,2023-11-08,Standard,2024-04-19,1
0eb6e6ac-5211-471b-a105-31bd46eba534,Justin Martinez,19,2023-02-27,Basic,2024-04-27,1
83de5761-42a6-4feb-97ad-bf7323a7b1c8,Ms. Cheryl Young,53,2023-02-12,Standard,2024-07-02,0
d79fd234-4d5f-4478-89aa-dc057dd891dc,William James,60,2024-03-16,Basic,2023-12-02,0
f6a9bda5-96dc-4f98-8cfd-0984bc664374,Richard Kennedy,44,2024-06-18,Standard,2024-05-24,1
89fc36f8-b27e-455a-9a6c-a9e1381bb097,Hannah Jensen,28,2024-01-23,Standard,2024-07-13,0
78696df4-3c17-45e3-ad9d-831fdfe1c43c,David Perez,36,2023-04-01,Standard,2024-01-07,1
933b2064-122e-43b4-8c8e-206c86dc3f32,John Martinez,45,2024-08-24,Basic,2024-05-11,1
f99b68f9-dd58-4732-b996-dd0d29008528,Carol Gomez,37,2023-06-09,Basic,2024-02-22,1
1e4de67a-a1de-4863-9d0d-b46597641bca,Renee Rocha,40,2023-06-30,Premium,2024-02-29,0
1e4d5f16-29cb-4a54-953b-c5334062bd8a,Matthew Martinez DVM,49,2024-04-14,Standard,2024-08-04,0
3b065d3f-26f4-41f8-84cb-a4f46178773d,Larry Moses,64,2023-10-03,Standard,2024-04-28,1
fdb8e912-234b-419f-972c-ddbbb36fac97,James Wilson,54,2023-01-12,Standard,2024-08-16,0
8360d9c6-5beb-4d86-959d-cb0a08e94d63,Douglas Lamb,70,2023-12-03,Standard,2024-03-10,0
384304f6-7c2b-49c6-a93d-a1021af904a7,Justin Reed,39,2024-01-06,Basic,2024-02-13,0
c6168dc8-d8a3-41e4-80c5-938054385a2e,Maria Carson MD,65,2023-10-05,Premium,2024-04-05,0
7709d3c3-666a-4437-8340-abae8227f999,Austin Robinson,41,2024-11-08,Standard,2024-05-17,0
fdfad7b0-a439-4796-bced-341c98e39cd4,Jeffery Herman,60,2023-09-18,Premium,2024-08-09,1
5f04d258-532b-429e-83fe-fd6ea98aabfe,Ronald Wilson,24,2024-06-10,Premium,2024-10-15,1
a42ed9e3-989e-4bc5-b144-23c274fb27ec,Renee Rivera,54,2024-08-29,Standard,2024-07-16,0
f7ccb005-fd7d-48c0-acc3-a77f602da42f,Mr. Gerald Tucker,50,2023-10-18,Premium,2024-05-08,0
2352198c-203f-4cc6-b138-0cccfc954393,Robert Smith,53,2023-12-16,Standard,2023-12-13,1
aa907553-918c-49ba-b48a-3c20c6ee5aa5,Elizabeth Huang,25,2024-01-28,Premium,2024-02-28,1
62b18c67-17ef-424f-9648-fad38b4b29d4,John Cox,34,2023-04-01,Standard,2023-12-12,1
c183afeb-3142-495b-99b1-8dc6172343f3,Jeffrey Rose,57,2024-02-23,Premium,2024-05-14,0
7418989b-a59b-4a92-a571-75dc48ef86ae,Benjamin Hernandez,63,2023-11-27,Premium,2024-03-17,0
e6f95986-6684-4615-a9ba-d16d1e75b474,Julie Atkins,36,2024-09-24,Basic,2024-10-18,0
d749ae7f-0973-45f6-b65d-3c0d8642a4ac,Sara Maxwell,56,2024-04-28,Basic,2023-11-26,0
b8e78bfc-8b27-4d0b-8df1-574fe9286bab,Roger Mack,39,2023-03-06,Standard,2024-07-17,1
6494ac06-4d5d-46b8-93d0-7d6ecb20dd34,Angela Gonzales,51,2024-07-31,Basic,2024-08-11,0
2c59a76a-ee32-4dab-b3a1-090c15ff14f7,Kyle Bailey,28,2023-07-13,Basic,2024-01-19,1
bd6e21b6-2bc9-4625-ada3-a268216ca08d,Brian Jones,27,2023-10-05,Premium,2024-02-13,0
a556e67b-bbe1-49b9-84bf-9bf0bcfe619f,Nathan Rodriguez,57,2023-11-05,Standard,2024-05-27,0
f7d872b0-6ace-4263-aa6b-d357bb030acd,Mark Cortez,50,2022-12-15,Basic,2024-08-29,1
c1da5aa0-f226-44fb-ad89-a67ebae93a89,James Yu,37,2024-08-26,Basic,2024-10-08,0
96ee991b-da21-4ba7-9b77-0b4830c83a96,Harold Murray,64,2024-04-28,Basic,2024-08-15,0
c17c20a5-b1b9-4005-909a-23f22e8cbcb6,Leah Fletcher,69,2024-01-20,Basic,2024-04-19,0
1964b07c-d3a8-48e4-b892-da993ce89413,Nathan Bell,68,2023-12-14,Basic,2024-05-10,0
184a136d-1918-4566-8919-1e070b82a296,Adam Fox,23,2023-01-03,Premium,2024-04-27,1
c673e199-168c-4ac3-a798-21fb31bf2738,Michael Shah,34,2024-02-21,Basic,2024-02-14,0
26b014e2-8db9-41f3-a717-6b30461a83c7,Matthew Brown,70,2024-08-11,Premium,2024-10-25,0
9f5fe12b-4b79-4c53-974e-a47c63661781,Robert Brown,18,2023-08-10,Premium,2024-07-30,0
5fba6875-33d4-4f44-a104-977952110f23,Sharon Hill,55,2024-09-13,Premium,2024-08-29,1
3a15b3b2-0273-4184-afc2-80e010a58189,Brent Melton,64,2024-03-23,Basic,2024-11-11,1
dcdd1713-9a7a-4182-af24-dbf293596c37,Stacey Kirk,42,2023-03-06,Basic,2024-03-22,0
1b2f67f8-e774-4f91-8d15-f64b2d80ded9,Veronica Rios,26,2023-01-31,Premium,2024-05-03,0
a15ec05b-9849-4ad4-98c9-e4965d9fa964,Crystal Cuevas,54,2023-09-03,Basic,2024-05-09,1
b947296f-4258-4f9e-bd83-a6c8992a7782,Joshua Palmer,27,2024-05-22,Premium,2023-12-22,1
48be9ff2-c4fd-4047-9eff-8bc6a6c3f411,Douglas Miller,43,2023-05-23,Premium,2024-10-10,1
35c490b3-8669-4d30-b2c0-107364c92f3c,Corey Nguyen,27,2024-02-29,Basic,2023-12-13,0
a02672b6-6a79-498d-bc47-88d37e70f3de,Joseph Jarvis,60,2023-04-20,Basic,2024-05-19,0
0bee60cf-f729-4511-aa6f-df36835dfc45,Christopher Bird,22,2024-06-14,Basic,2024-09-11,0
ae1897a8-48b9-4a14-8967-a7db25df3f53,Annette Padilla,69,2024-01-01,Basic,2024-04-01,1
6f71f8db-a6df-4b9c-8752-ad6254458ce3,James Bentley,63,2024-04-13,Standard,2024-03-04,0
7f4e7542-a68c-4985-a265-f9b550320e0a,Alexander Young,68,2022-12-11,Standard,2024-11-10,1
55cead9e-a142-4ccb-bcf8-e542770b1527,Casey Dickerson,28,2023-07-08,Standard,2024-03-19,1
8406703c-2ea8-47ea-af31-d66d68a098ec,Felicia Phillips,55,2024-07-31,Basic,2024-04-11,0
bacf977d-75f6-4d2e-b9ac-64b4d64d46c4,Lynn Alexander,58,2024-04-27,Basic,2024-02-15,1
241a73a8-de9d-4a45-b233-83c5707e9ce3,Michelle Hogan,50,2022-11-30,Standard,2023-12-17,0
a914b518-c8a6-4e36-9d80-94a1cda34d8e,Debbie Davis,48,2022-12-28,Standard,2024-10-01,1
759ad65d-9efe-4cbe-a4b4-47e350a91d96,David Phelps,37,2024-04-20,Premium,2024-11-17,0
d3fbf220-e921-4909-9c73-9c9a10744c25,Patricia Shaw,62,2023-12-21,Basic,2024-05-15,1
6e9e7503-6831-4d94-b5be-e65c71e7aabd,James Bryan Jr.,26,2024-07-11,Standard,2024-06-06,1
abc54651-7519-48c0-9bd1-7eb8ca96f343,Javier Carter,59,2024-06-04,Standard,2024-11-17,0
345b7189-6b47-4aad-8888-e32cb61aff11,Kimberly Hayes DDS,43,2024-04-30,Standard,2023-11-28,1
df2133cc-2a91-4c32-b51c-4f0ae8a971bf,Amy Hunt,45,2024-10-04,Premium,2023-12-05,1
ef050a6a-65fc-4379-aa98-569f35457ff2,Jonathan Davis,50,2024-11-11,Basic,2024-05-20,0
0a13a9cb-13b9-466e-8366-a788475204ac,Joshua Jennings,35,2023-02-17,Premium,2024-10-06,0
a8a31848-2fb2-4a13-83ff-276dc92818bc,Brandon Cooper,54,2024-04-25,Premium,2024-05-22,0
7d3e3c6c-7568-4502-805c-7550f9daf006,Justin Berry,46,2022-12-11,Standard,2024-03-03,1
89dab783-c2d1-4d45-b8be-b14537bb41db,Mary Mullen,23,2024-05-31,Basic,2024-10-27,1
6ea75a97-9d2f-4cf5-b092-b9ba87c98e26,Charles Williams MD,64,2024-04-03,Premium,2024-01-17,1
12859c83-fb5a-449c-96db-c63e36d48aa4,Stacy Thompson,60,2023-11-06,Standard,2024-07-15,0
2064b719-528d-42e8-8b3c-64480174192f,Rebecca Hayes,44,2023-03-18,Premium,2024-08-25,1
08e27e26-b397-4753-b8de-7a20a1568619,William Jones,59,2024-02-18,Premium,2024-02-13,0
86cfe7b1-7b13-4ce2-9cea-21d80af914c8,Joshua Santiago,65,2023-01-11,Standard,2024-01-27,1
2d73d8a9-2b80-43a8-ad89-15d38a0dfaf9,Jesse Madden,41,2024-05-02,Premium,2024-02-15,0
42947b02-1ac1-410c-9714-7a20ad956a08,Benjamin Gonzalez,54,2024-07-19,Standard,2024-08-21,0
e1fbcd8f-0206-4b8e-83c8-047f7ba7e426,Christy Mcintyre,55,2023-06-13,Standard,2024-11-18,1
d0c8fad3-b3e5-4ce6-8c2d-a42c83fb110d,Zachary Howard,40,2023-07-10,Premium,2024-05-19,0
14fe26ff-b7f1-4680-8d40-10b09d920d08,Ryan Curtis,35,2024-08-16,Basic,2024-03-08,0
914e6b2b-88e3-4309-a871-d415cbab62e9,Alan Marquez,53,2023-09-03,Basic,2024-04-26,1
be126ac5-0462-4e69-a3bb-95b45878686c,Ronald Mills,26,2024-01-03,Basic,2023-11-28,1
6037dbdd-18d4-4c17-95bc-a9b9088a22f3,Jill Hendricks,26,2022-12-27,Standard,2024-03-29,0
3368df4b-0caf-4dc8-83f1-4e6b3d33902b,Robert Wright,67,2022-12-11,Basic,2024-01-14,1
7e0e8c46-bd76-42df-8f29-f905eeac1bc9,Phillip Cruz,52,2022-12-20,Standard,2024-05-25,0
3b94f629-ee60-4da4-9446-1b763de5b281,Steve Smith,52,2023-06-14,Basic,2024-02-16,0
c689535d-eeee-4e39-907c-82fb2d8a18df,Roger Meadows,68,2023-03-04,Basic,2024-04-28,0
c5584c70-7f30-4a17-ab6e-726173c45a4d,Melanie Thomas,46,2023-04-06,Basic,2024-03-20,0
681bfcd1-235b-4ab3-bb62-a31fb45cb3bf,Daniel Church,62,2024-05-15,Premium,2023-12-27,1
4c1e1469-7082-4f85-86ab-472dc0f3947a,Kaylee Phelps,40,2024-08-06,Standard,2024-11-11,0
b7310b62-6ae1-4e4b-83a7-14e29ccfb5cd,Mary Ramos,51,2023-12-15,Standard,2024-01-27,1
c966ab7b-3265-423b-be1c-84a8a9588290,Christopher Roberts,26,2023-11-28,Premium,2023-12-15,1
5e0e0902-a7d5-4fab-b92f-c57ca38fea2e,Lisa Collins,62,2023-11-05,Premium,2024-09-06,0
9b2d055c-0930-454f-81d7-dbd65b845e14,Garrett Friedman,35,2024-04-11,Premium,2024-05-15,1
eefd6047-ec5a-41dc-ab76-2de84851cbf6,Erica Cantrell,48,2023-05-19,Basic,2023-12-05,1
d4a2a365-eb21-454f-bb8f-fe7605dfe728,Tyler Cooper,68,2023-03-25,Basic,2024-06-26,1
2d34f488-b9f0-4426-b312-c7702867d029,Ashley Walters,53,2023-03-04,Basic,2024-03-31,1
2c1f9a79-26a0-48e2-9adb-eb959d3f1360,Whitney Sherman,43,2024-10-14,Basic,2024-08-24,1
27ca5647-a735-4a10-91d0-5eb420c31eb3,Joseph Nguyen,40,2023-06-28,Premium,2024-04-17,0
f29f30de-982d-4f56-9026-dcb3ddc896f6,Kimberly Dorsey,31,2024-03-06,Standard,2024-05-29,1
38f569fd-4dee-43ea-a0b2-dbf0cb166ff4,Cody Quinn,27,2023-09-20,Premium,2024-08-11,0
cc17ec45-4a71-4261-a58a-08b975e17c4d,Thomas Ruiz,43,2024-11-21,Standard,2024-11-09,1
5ea928e1-3bb8-4a5f-8491-95eeae875a00,Jill Blankenship,24,2024-02-21,Premium,2024-09-19,0
8cec031e-97a0-4baa-84ed-d7ce7a82ec27,Dana Graves,21,2023-08-15,Premium,2024-09-11,0
63733d66-c6e3-4108-aed9-0ab0b2aaedf7,Cassandra Bauer,29,2023-03-22,Basic,2024-05-21,1
fecf0a9a-fc9e-4ea5-9e38-1d0aa417766b,Shelia Baker,68,2024-04-21,Standard,2023-12-06,1
8c5d8a87-6d3e-413d-9386-ecec304c0087,William Young,34,2023-05-07,Standard,2024-08-03,0
6450663e-019c-4c77-a070-22a02562e6ad,Mitchell Reynolds,43,2023-04-11,Premium,2024-04-12,0
00395544-7465-4bf2-bab4-64bd839c1a07,Megan Perkins,56,2022-12-16,Standard,2023-12-04,1
18cccfe6-dc87-4ef5-940b-b55f8853b707,Denise Thomas,18,2024-09-07,Premium,2023-12-12,1
e6b63cf0-ba59-4dbb-a834-09241705753d,Elizabeth Romero,68,2023-05-31,Basic,2024-07-27,0
ef282b52-7e5d-432e-8890-709c53222255,Joshua Smith,42,2023-10-24,Premium,2023-12-27,1
6c14c02d-4511-4117-8aaf-1cef2047c1e4,James Taylor,63,2023-01-29,Standard,2023-11-29,0
5139b360-89a7-4673-9cba-a04cac9918ff,Ethan Adams,44,2023-02-13,Standard,2024-07-30,1
43c35fb7-d2a1-40d1-b698-53630de9bf73,April Pratt,31,2024-08-10,Basic,2024-10-01,1
4e63142c-fe1f-4cef-9b77-9ee12dd99228,Courtney Kirby,26,2023-01-02,Premium,2023-12-01,0
a7bbcbbb-e13e-4396-91c8-208f16b80032,Rachel Nelson MD,60,2023-10-06,Standard,2024-06-07,1
caf40d9a-d660-4a80-a6e9-9da4b96c4580,Bridget Gill,65,2024-05-16,Standard,2024-03-14,1
581bd50d-54ed-4d85-8d5c-f62cb971d414,Timothy Watkins,40,2023-03-09,Premium,2024-01-30,1
22725f6f-faeb-4678-a642-1429ef963655,Seth Long,64,2024-02-14,Basic,2024-01-12,0
c6b8fb9b-cb7d-4ceb-914b-09e0c8bb2ff6,Shawn Ross,19,2023-01-30,Basic,2024-08-17,0
f33480f8-b1a0-4de3-a813-0561301119e6,Victoria Weaver,37,2024-10-30,Basic,2023-12-07,0
1a2eec94-1837-4140-9270-2fe9e8b56be5,Tiffany Greene,56,2022-12-27,Premium,2024-11-15,1
d631b5e3-1f8c-4bab-bcdf-1fef0fbbdcbe,Leah Kim,40,2023-06-07,Standard,2024-09-10,1
71a40f33-e7ce-4998-8ea6-a273d004c6f9,Tyler Watson,43,2023-10-29,Basic,2024-07-28,1
0cf75170-71e3-4356-8a07-ecdc2a6e4282,Susan Gomez,20,2024-11-11,Basic,2024-07-16,1
04ac07b7-219d-4c96-986b-dfefc9d1c3df,Diana Powers,27,2023-01-09,Standard,2023-11-29,0
ca0e5b0d-7f8e-4614-b171-eed24e10bf1d,Jacob Keith,29,2023-03-13,Basic,2024-07-02,0
07fa776c-af1e-44ad-951d-0cc1d85ae0a4,Sherry Newman,62,2024-08-25,Standard,2024-02-27,1
763f3277-4e0b-4846-bac6-aa7995f3291b,William Jackson,44,2023-07-27,Basic,2024-04-12,0
901f0b93-ea82-4a98-a9cd-c1c5b47771e0,Mrs. Angela White,54,2023-10-11,Premium,2024-05-10,1
3e8b30c7-8541-402d-b3a7-dbca66be8ade,Terry Hatfield,54,2022-12-16,Basic,2024-09-18,0
7d71683c-d215-4891-a613-f85281c11207,Shawn Cook,29,2024-10-04,Standard,2024-07-14,1
90cafadc-fcf8-4a66-9af5-381ee7c45bc4,Stephanie Miller,29,2024-01-13,Standard,2024-03-16,1
bf838317-8772-4f9a-9799-888d2ab5b552,April Warren,32,2024-06-23,Basic,2024-10-13,0
de763683-0c9a-4e8a-a9a7-de94349fb210,Douglas Gibson,27,2024-03-28,Standard,2024-04-13,1
c46a9b79-d01c-4815-b3f2-c480fbf1ce3e,Angela Jones,52,2024-06-30,Basic,2024-01-25,1
f08ee4f8-1d23-4a09-a9cd-84995db28fbf,Diane Clark,34,2023-08-15,Basic,2024-01-10,1
cd24ba51-1607-468b-81ae-c465b264f642,Jessica Dunlap,19,2024-04-16,Standard,2024-09-14,1
41a22e01-8bea-43a9-bb13-b6bc45910842,Aaron White,70,2024-10-02,Premium,2024-07-10,1
848b949a-c3ce-4b84-9c04-621610501551,Casey Robinson,19,2024-09-20,Premium,2023-11-24,0
cb6722de-aba6-4c4d-a88c-47e54c5a5b00,Jessica Fitzgerald,56,2024-06-10,Standard,2024-01-20,0
0acef3db-8663-4b77-a777-dccdeb6ba2b0,Ronald Myers,21,2024-01-31,Premium,2024-02-08,0
1c3e2be6-31f8-485f-a98b-175dfe370cb3,Jason Randall,48,2024-10-08,Basic,2023-12-12,1
4368d3cf-3299-46c3-ad39-a2465adbaef9,Lisa Thomas,31,2023-06-17,Standard,2024-01-01,0
3b0484f4-1d8d-4bc4-9866-7140ed3feed9,Karen Wallace,46,2024-01-21,Premium,2024-04-14,0
ec049e23-a640-40b2-93d1-1cfbab37d50e,Dr. Justin Cannon Jr.,40,2022-12-23,Premium,2024-02-16,0
f53609c5-b288-4e6f-a7a7-502933fd0f28,Anthony Cox,40,2024-05-01,Standard,2024-06-14,1
651c4f1d-79e5-4daa-895d-9a309e4c2d26,Colin Johnson,65,2023-12-22,Standard,2024-07-14,0
53451643-b63a-424e-b746-c4dd68dd6a0b,Laura Vazquez,33,2023-01-09,Basic,2024-02-07,0
6b61a871-e50a-4648-988c-d7260c751ba5,Angela Mason,68,2024-07-22,Basic,2024-07-30,0
d25f5934-f771-411c-ad9a-bbfad3bcc6e8,Brandon Wilson,57,2023-06-18,Standard,2024-03-19,1
7ff4c3bb-d5fa-40b9-b3ed-9e4e85f8a4ac,Sean Mayo,29,2024-09-16,Premium,2024-03-26,1
8d43f3a6-0dae-409b-a778-ea4ed279b36a,Andrea Nichols,30,2023-08-23,Basic,2024-02-15,0
ab26c234-d4d5-486e-aa2c-b79f1f1b1e53,James Mora,26,2023-01-24,Basic,2024-04-03,0
8e26c3b2-3653-413a-801f-abe2a93cebd4,Janice Barrett,24,2024-08-28,Standard,2023-12-09,1
f0b7c83f-81f5-4d1b-bc6a-3a6ef747ec7e,Kyle Lee,42,2023-09-14,Basic,2024-10-27,1
259a4469-821c-41ba-931d-a8787b244d85,Kimberly Bell DVM,64,2023-09-18,Premium,2024-04-21,1
6d5f0d95-94f1-4469-b0b1-5834b2493e03,James Robertson,31,2023-09-26,Standard,2024-02-19,0
b66bb9e1-eb75-4b4a-8505-13f15344c9d2,Christopher Neal,35,2024-05-05,Standard,2024-07-30,1
5a65b952-d57e-4170-8c10-8c732e4e03b8,Gary Perkins,53,2023-11-08,Premium,2024-01-23,1
9cde909b-442c-413f-883f-94f36800f732,Kevin Estes,50,2023-07-23,Basic,2024-04-10,1
f6f2e518-b942-42ba-bf58-24922d4ed957,Cory Austin,24,2023-07-03,Standard,2024-08-10,0
d8e296f4-3c3d-42fd-99d3-d428e738a12e,Lynn Smith,24,2023-02-13,Premium,2024-04-01,1
afb056e7-07e8-46c1-896b-77c779f78d30,Gregory Knight,21,2024-08-07,Basic,2024-01-16,0
e1b09b01-6d1b-4272-940e-e7bb435404e3,Dominic Houston,59,2023-08-24,Basic,2024-04-28,1
1460a18b-96cf-4e13-93b1-eeea76ff3165,Andrew Fowler,22,2023-12-08,Premium,2024-10-04,0
03ac68fd-2543-448a-8daf-ebce4f038c90,Zachary Munoz,66,2024-06-13,Basic,2024-05-07,1
5b0f6246-c4de-45e0-bf64-b9f8ed1b09dc,Dr. Jonathan Vang,20,2023-05-15,Premium,2024-03-17,1
fdaa11db-524c-4bd8-b5b8-4b5c9ad29c7e,Jennifer Simmons,60,2023-03-15,Basic,2024-07-08,1
3412e2fc-928f-488a-afc6-d4cebac6a84f,Daniel Stone,29,2024-09-07,Basic,2024-01-27,0
82bd204d-d4cb-4603-ad5e-a71100673df5,William Wells,34,2022-12-27,Basic,2024-05-23,0
da36b335-0ae6-4f96-a67a-7b3b8ec39d7a,James Mora,64,2024-01-05,Standard,2024-08-09,1
d2fdfd38-b168-4239-bb79-e11904fe2546,Joseph Duffy,40,2024-07-03,Premium,2024-08-26,1
0ffcdf78-4c22-467f-b26a-09cfb0021117,Christopher Russell,33,2024-02-15,Premium,2024-05-20,1
bffd8c74-e7d0-42df-a534-ec4c4cf12a8c,Megan Gallagher,19,2023-01-28,Basic,2024-08-25,1
a70e9f9a-3028-4632-9101-d6dc6f960459,Ryan Jones,37,2024-01-18,Premium,2024-05-07,1
f64d67d1-3be5-4dd7-8f61-2549eb1e0bbf,Charlotte Wallace,36,2023-04-24,Standard,2024-06-22,0
072e1a53-63e4-4fdb-a0ed-287b8a599043,Connor Carter,45,2023-03-10,Basic,2024-02-08,1
1d7a1341-2b48-4f38-9ead-9309d3c5c133,Brenda Lynch,23,2024-11-15,Basic,2023-12-20,1
1a757ecc-7009-42db-85fe-3c70e5584d5c,Jacqueline Nguyen,28,2023-12-20,Premium,2024-08-06,1
edfebc5c-9186-476d-9f1b-bade7449b9fb,Jacqueline Robinson,63,2023-05-16,Basic,2024-03-15,0
986fe2ea-b3df-4aa4-8231-62af1373437d,Mr. Kevin Ayala,28,2023-09-28,Basic,2024-10-19,0
e7c8d970-f538-43f1-af82-16171432a1fb,Amy Gonzalez,63,2024-08-12,Standard,2024-10-07,1
6102fe41-f9c1-4492-9642-b89504dc11ba,Monica Sims,33,2023-03-22,Basic,2024-08-14,1
dad65f57-570d-488f-ab7f-242c27c8d07b,Katherine Holden,22,2023-08-27,Standard,2024-10-02,1
399fa61c-fdeb-4217-9691-198907228203,Jo Bush,63,2024-01-04,Premium,2024-08-15,1
94776145-89ea-4911-8a92-c8a219e9b465,Jennifer Collier,49,2023-11-26,Standard,2024-01-05,1
c544c53d-716d-4993-b2db-59effc81332d,Susan Carter,33,2024-04-16,Premium,2023-12-22,1
5d03923f-0cd0-4449-bee9-02ecae3cb7f0,Maria Butler,56,2023-01-06,Basic,2024-08-13,1
630c594b-f28a-4251-a488-b37f490d1fd4,Cheryl Jackson,32,2023-09-13,Premium,2024-09-05,0
bd2b3a96-7a7f-41b6-a32e-d24751ee13c1,Judith Cruz,58,2024-06-16,Standard,2024-07-09,1
d5f6f85e-cbb4-44c9-b762-d29cc6d0b750,Tom Carr,23,2023-06-12,Basic,2024-04-22,1
050593de-eaa7-4bd3-9795-f9430b6cb59d,Ashley Scott,70,2023-05-03,Standard,2024-05-21,0
ac55d347-41ed-47ed-b552-f49b0be7422d,Matthew Banks,53,2022-12-06,Premium,2024-02-15,0
0e7703c1-56ac-4669-b07e-e7026127efdd,Holly Goodwin,56,2023-06-21,Premium,2023-12-24,1
22ad261e-2f9e-4d6e-8603-763292fa2110,Paul Frost,64,2024-01-12,Basic,2024-01-27,1
03850db7-a088-4bb8-86db-0fc8e2025b96,Alexander Randall,44,2024-03-27,Premium,2024-11-22,0
ee8195fc-e460-4283-81c8-00ff77319fd8,Amber Burgess,49,2024-02-06,Basic,2024-05-28,0
17e4f088-eb7b-4a47-9d56-5113eaac529f,Andrea Carlson,37,2024-06-11,Basic,2024-01-25,1
b9a308ee-1dfd-417f-b153-bac4a9477d1f,Terri Mccarthy,30,2024-06-14,Basic,2023-12-01,1
68017f60-9db4-4a26-b0fb-4eb979f9627f,Douglas Bautista,61,2024-01-19,Basic,2024-04-02,0
54a296e0-3f6b-4852-bef7-8c3134bed785,Vanessa Smith,67,2024-04-16,Standard,2023-11-28,1
e7a8e587-2a9c-4613-982e-c1c176ca2767,Jennifer Medina,26,2022-12-06,Standard,2024-11-15,1
9a3e5474-5ee6-4aa5-9321-60195a7db907,Pedro Rodriguez,21,2024-04-05,Premium,2024-06-16,0
695ae2d6-92d3-4b7a-a417-4b7e07576ac4,James Gonzalez,47,2024-06-05,Basic,2023-12-31,0
4b4d1eb2-fce3-451d-90ce-8856f3730407,Teresa Sparks,42,2023-03-23,Standard,2024-05-23,0
50bce5a9-f7c0-4147-8a08-64755e5c45c4,Alexandra Horton,68,2022-12-08,Premium,2024-07-05,0
549508fc-a89b-4c58-955e-60d0ead4ae92,Corey Garrett,40,2023-06-22,Premium,2024-08-17,0
f7bb236a-c91a-4fb6-9b48-361050592a1c,Robert Castro,31,2023-05-12,Premium,2024-04-09,1
dd4c053d-5b9c-4492-8d9e-9eacf33f73b4,Sarah Barrett,45,2024-03-08,Premium,2023-12-08,0
6e0fc09e-b91d-4ac7-b1ec-daa932e7ea35,Christopher Miller,58,2024-06-21,Standard,2024-08-19,0
fbce621c-f065-4731-8856-287fc0b735e3,Todd Benson,42,2024-04-26,Basic,2024-11-18,0
2441990c-eb9b-4503-b7fb-2942f105d6ad,Donald Nelson,68,2023-07-16,Premium,2024-07-10,0
5cfca72c-1eb1-4e8a-8020-ebf877f5c434,Evan Moore,63,2023-06-25,Standard,2024-09-24,1
8bb0dcd0-b8c2-4a96-9ed9-63855a33600b,Kendra Brewer,43,2024-04-14,Basic,2024-09-09,1
5ba88e47-3fd2-4627-b77e-2063ae3e9986,Kristin Harrington,68,2023-07-26,Premium,2024-11-18,1
88aef1da-eae9-43e9-a462-c6eaab1db765,Christina Arias,66,2023-06-08,Basic,2024-05-02,0
e7dcd846-64b0-4d5e-92dc-50d0136ce923,Adam Bailey,27,2023-05-12,Standard,2024-03-01,0
69e8289d-0115-446b-be62-bfcd0f079d25,Kathy Martinez,44,2022-12-25,Standard,2024-08-06,1
0c2436c5-710c-4aa4-a729-51a8703d7ca2,Craig Chung,40,2024-05-09,Standard,2024-02-19,1
6cbbf5e2-93cf-4b95-aafc-652507c9536c,James Phillips,32,2022-12-31,Premium,2023-12-27,0
11dbd867-2e57-46c9-9786-afdd60ede9d3,Jody Wilkerson,28,2023-11-25,Standard,2024-08-02,0
41b14455-e7dd-4efd-9524-613c30cd442c,Karen Harding,49,2023-09-12,Premium,2024-02-14,1
4b1ff8e5-a869-457f-8ad3-ee281d749bcd,Carlos Lopez,46,2024-10-29,Standard,2024-11-15,0
1d78e3aa-0077-4de0-ac96-19886ceb8f2c,Nicole Bennett,24,2024-07-28,Standard,2024-04-24,1
2fb9e312-dab9-4b86-acfb-b50a63515aa9,Laura Harris,25,2024-04-10,Premium,2024-05-23,0
deb1d795-3d95-4d51-944d-31519f16ef0e,Colleen Edwards,43,2023-12-05,Premium,2024-03-23,0
6fbdffa5-aa21-4e8f-a35b-f7e60f11fb3d,Richard Smith,53,2023-07-06,Standard,2024-04-11,0
69c95dc4-527a-48c1-a8d6-cd75a552976f,Amber Johnson,26,2023-10-14,Standard,2024-02-06,1
cb6a13ef-a149-463f-84a4-fc8041c1f563,John Wilson,30,2024-01-01,Premium,2024-06-02,1
3fcb85c5-3c2a-4d18-ba1c-406428c0290c,Sylvia Parsons,64,2022-12-30,Basic,2024-10-05,0
66546d3f-ac6a-4b82-a797-da9496ad02e8,Christine Lee,56,2023-01-22,Standard,2024-03-11,0
3b409f58-73cb-4624-8dc5-ec195acfdf20,Jamie Espinoza,32,2023-08-12,Premium,2024-11-06,0
377a2894-5733-4c44-8a2f-eeec3f93e72d,Paul Morris,62,2024-02-23,Premium,2024-06-27,0
81086188-9b87-474b-b3d4-b183f06e8a6a,Laura Anderson,70,2023-05-14,Basic,2024-08-12,0
7dbc0127-3ef1-4e67-a3be-d6a385df2a92,Isabel Ortega,38,2024-07-15,Premium,2024-07-18,0
b6374445-96cb-4c29-b75a-e879e4c158c3,Andrew Santos,55,2024-03-05,Premium,2024-01-10,1
cbb163b5-cd59-4cdf-90ba-bf1a14dd49ee,Deborah Jones,34,2024-08-01,Standard,2024-03-16,1
43ba4c26-ad97-46a7-a840-aef51207640b,Robert Palmer,47,2023-05-09,Premium,2024-09-18,0
aa855353-ca49-4558-bbf8-f43ec4ecc644,Paul Benton,26,2024-04-23,Premium,2023-12-18,1
0ee9dd1d-99da-48a9-88ad-0c6c3c63334e,Louis Griffin,61,2023-11-23,Basic,2024-04-26,1
23943873-60bf-4c19-b8ac-0baa32936f08,David Blackwell,20,2024-02-08,Standard,2024-07-03,1
2b7f9d1a-58de-46f6-8414-2c88554c1806,Sean Ray,33,2024-03-05,Basic,2024-03-15,1
c2a3ccae-70be-47fe-a38f-7766ee4f01b9,Rebecca Villa,62,2024-03-24,Premium,2023-11-24,1
b2c4bda1-a953-4290-bb23-43cbaf836ee3,Danielle Shaw,67,2024-11-03,Basic,2024-07-04,0
263e6d0f-8061-402c-a85e-e2019d0bdcc1,Gregory Trujillo,22,2024-08-09,Premium,2024-05-06,1
682a806f-44b5-438c-94fd-6b6ac995aedf,Jennifer Harvey,69,2023-03-16,Basic,2024-07-01,1
f7559a9c-3fd6-4978-b5b8-8a3edf53ade9,Monica Anderson,44,2023-09-18,Basic,2024-06-03,0
df71aa77-b745-4629-a8a6-a1be69023675,Joseph Stevens,45,2024-05-01,Basic,2024-03-03,0
9ca76810-8c29-4bf3-bbab-7d97a975c2a0,Ashley Costa,61,2023-05-30,Standard,2024-07-11,1
1cddb911-6be8-4767-a61e-12a3b2611147,Erin Kennedy,21,2023-03-02,Standard,2024-01-02,1
1379127e-232f-4ef3-8973-5935814e5678,Donald Miller,22,2024-08-18,Standard,2024-05-15,0
2094bf2c-0e7e-4e27-b9a8-c8c6673dbda0,Wendy Thompson,34,2024-10-11,Basic,2024-05-06,0
f5a3238f-fefa-4ce8-9b68-7eb0f33061a4,Kelly Russell,52,2023-12-05,Standard,2023-12-24,1
2a146035-bdc0-493a-b176-cd74efc489dd,Kristen Bartlett,31,2022-12-27,Premium,2024-04-09,1
4040e604-381b-4296-bd93-fc702a1842e9,Michael Smith,47,2024-05-22,Standard,2024-10-31,1
dc12a3ba-189b-40f9-b103-0a503c91a7de,Justin Montoya,64,2023-06-04,Premium,2024-01-23,1
64701e68-6a28-4bcf-b2ca-a51649b68470,Joe Davis,44,2023-08-28,Premium,2024-11-05,0
6691420e-bbd9-4b79-aed9-32bc6387ebbb,Kelly Villa,19,2024-11-17,Premium,2024-07-21,1
087597be-823a-48bd-83d8-dff9657a9738,Cynthia Gomez,41,2024-08-01,Basic,2024-04-13,0
48a07994-7c82-4f6c-a353-c41943f37017,Dominique Mueller,47,2023-12-28,Premium,2024-01-11,0
f0409f25-68e6-492d-8ffd-f29bca5ac050,Joyce Brown,20,2023-01-25,Premium,2024-10-21,1
5c68b8a0-9b59-4db1-9002-7e5433925287,Michael Barber,48,2023-08-18,Standard,2024-05-25,1
7c64d455-fac8-4ccb-b9ad-3e848c3da56c,Mr. Benjamin Flores,21,2023-10-30,Basic,2024-05-06,1
010ae2ea-0edd-454f-8289-1882313e3b68,Ryan Smith,65,2024-04-07,Standard,2024-09-06,0
4afd3f2f-bd6f-4249-84ae-422fa67b2ca9,Denise Bryant,43,2023-12-22,Premium,2024-10-22,1
8553a1b4-5999-42ea-b0d8-d7068ab473ba,David Brown,24,2024-05-18,Basic,2023-12-05,1
e0ecf2d5-a564-4aff-8835-8133a43a7420,Kevin Charles,21,2023-08-12,Premium,2024-11-01,1
1a27b8f5-3237-4aa6-80ac-858223e2767c,Jeffrey Olsen,50,2024-07-11,Premium,2024-05-08,0
32a30926-bf4b-4740-be9a-6bf609c23df7,Ernest Murray,33,2023-03-20,Standard,2023-12-05,0
d244745b-043a-4c49-b831-581d70ff1ad2,John Pena,45,2023-10-29,Basic,2024-07-22,0
65b7d5b5-7c6f-4d3c-a75a-31ee9e712bd7,Lindsey Gonzales,47,2024-11-10,Premium,2023-12-20,0
58dbd7f2-2603-4cb8-bc36-d98773af335f,Elizabeth Mcpherson,29,2024-08-02,Basic,2024-08-06,0
2a229cf5-f3a8-4a20-98d7-d55f8facbfbf,Mary Flores,55,2023-03-04,Premium,2024-02-25,1
cc14e8d2-be78-4990-8e2d-1a1a28b70d04,James Page,45,2024-09-11,Premium,2024-05-23,1
b1c62fd4-d7df-49bf-abf5-fe48f7e0a2ae,Eric Mckenzie,68,2024-08-18,Basic,2024-01-02,1
12bee5c0-095e-4ba9-8a09-0143504cee21,Ana Dunlap,41,2023-01-30,Premium,2024-01-11,0
34616143-78b3-474f-9542-8730e5150d75,Carlos Warren,35,2023-06-07,Premium,2024-03-21,0
111879f3-ec3b-4b22-a9aa-78c43d30adf1,Tyler Sloan,64,2023-10-29,Basic,2024-04-25,0
3a1eabec-22dd-4e91-ad15-cffd0dedbd1a,Jacob Roberts,20,2024-05-31,Standard,2024-02-26,1
c5fec938-291d-45e9-b765-75e0f92b7de9,Alan Parks,22,2024-02-07,Premium,2024-02-20,0
aa1ca2dc-07b7-43de-8878-11678726e4ed,Dylan Peterson,29,2023-03-23,Premium,2024-01-31,0
c4c18697-d97e-4744-842e-e2eb5fcc2f16,Kristopher Sanders,27,2023-12-04,Premium,2024-06-28,1
ce332ff6-0d16-4243-aa69-1b8691e6931c,April Hernandez,22,2024-04-07,Standard,2024-06-17,0
a7f284d0-9740-45d2-94ad-f2223ce3430e,Justin Smith,52,2024-07-13,Basic,2024-11-23,0
68b9c8f1-235e-418a-82fa-7fc362b710b1,Michael Perez,35,2023-04-06,Premium,2024-05-03,0
da019843-f9ec-4413-bda7-04f0624d27b9,Diamond Torres,46,2023-06-29,Standard,2024-04-06,0
bf464f5c-7992-4f43-a544-bc14bdb5327d,Madison Moran,22,2024-01-06,Basic,2024-09-02,0
cbe6a6a9-2c10-47a0-a6b0-50f1d760a7b6,Kimberly Galvan,70,2023-10-17,Basic,2024-04-19,1
ed3bfc51-0ed6-4149-9ef9-e247956480dd,Anthony Harris,65,2023-12-15,Basic,2024-03-08,0
2d3ebf26-c75d-45b4-8952-4af3a0d71df5,Taylor Ortiz,69,2023-03-27,Premium,2023-12-03,1
d1bf668c-6913-430e-85c2-a61d45a61aab,Holly Martinez,56,2023-09-02,Premium,2024-03-24,0
9d4821df-e3bf-4b63-a056-50470a899e93,Brooke Hogan,70,2024-02-14,Basic,2024-07-17,1
e3776fc1-7770-460f-b28b-886180d57713,Beverly Mccann,49,2023-08-10,Premium,2023-12-11,1
2c4e2724-5742-4478-a8eb-31fec205282c,Jamie Munoz,45,2023-01-12,Basic,2024-02-11,0
025a782f-5cb0-4563-afa9-93184d4b477a,Dr. David Stephens,20,2023-11-23,Premium,2024-06-21,0
63bd3444-e6f8-4973-8f54-e703e68e0e9d,Bethany Cooper,67,2023-06-28,Premium,2024-06-13,1
ecab2d39-c070-4b5e-b549-26a19750bd75,Robert Williams,33,2024-07-24,Premium,2024-01-09,1
67544f1f-95d0-4a87-b9fe-d0bc10502b05,Melissa Schaefer,41,2023-03-17,Basic,2024-01-07,1
fe753576-23e0-4607-963d-9aecf39e5bf3,Sarah Shaffer,56,2024-01-22,Basic,2024-09-07,0
efb236ba-78b9-49a3-90d7-ab26ebdaa226,Tiffany Quinn,69,2023-03-05,Basic,2024-09-05,0
55d53729-bdcc-40a6-999a-7dfbea13c13c,Benjamin Burton,37,2023-07-10,Basic,2024-01-03,0
1711402b-78ea-487f-9e99-5a7ebda94dbc,Nicholas Archer,22,2024-07-18,Premium,2024-02-05,0
7abebc02-3e41-41e1-9104-60875305b218,Rebecca Trevino,30,2023-03-12,Premium,2023-12-20,0
01801264-35b6-4622-b166-2540b9ea0803,Robert Hill,29,2023-03-29,Premium,2024-07-03,1
bf86738f-03c3-497b-a136-503d95d72ee5,Stephen Mullen,25,2024-09-07,Premium,2024-11-14,0
976635d0-cc1e-4462-a8f6-1d7e4713245a,George Thompson,19,2023-06-27,Standard,2024-09-18,0
2b9da7b3-102c-4636-abd4-beb7bb651848,Daniel Hickman Jr.,23,2023-09-11,Basic,2024-07-11,0
0a6155dd-60f8-4cad-8ed2-d2acee4647ef,John Davis,37,2024-11-02,Basic,2024-10-13,0
d4c8e21a-b2fe-4cae-a953-ba6ba95dda0f,Michelle Curry,62,2023-01-03,Standard,2024-08-28,0
46775a99-6918-420e-bd0d-3ece1ecec98f,Alexis Cain,38,2023-09-10,Basic,2024-04-27,1
0af13094-0fe0-4041-a8c1-646343531d77,Cheryl Buckley,52,2023-06-29,Premium,2024-11-22,1
e23a99d6-0144-41f3-aa9d-7e158855429c,Robert Li,53,2023-04-15,Standard,2024-10-10,1
be610d6d-b60d-4eea-a4e8-a759f237d711,Daniel Keller,47,2023-07-07,Basic,2024-05-14,0
64bfa612-6693-4e35-8d49-1ae74a937c61,Mary Owens,44,2022-12-19,Standard,2024-07-04,1
b8252340-3dc3-4d47-ab4a-0191934bfaea,Matthew Casey,51,2024-07-20,Premium,2024-07-25,0
0a4d7b99-f5ab-4453-8c0b-7fdf50e6fe79,Carl Winters,18,2023-05-19,Premium,2024-08-28,0
a29b7983-2fc6-448e-82e0-dbe360c886b7,Nicole Horn,44,2024-07-26,Basic,2024-03-26,0
8e3dbaa4-08aa-463b-b47f-6ca0e42c81be,Deborah Mitchell,57,2024-11-18,Standard,2023-12-12,1
c7858dc3-da31-42bf-902a-27c1f87b9eec,Samuel Miller,70,2023-01-30,Premium,2024-05-23,0
e5198b3c-d591-43c1-b93d-5cd35c1f6993,Joseph Hoffman,60,2023-03-20,Standard,2024-09-09,0
11d979c1-78c6-457a-bf9d-6d856d810dde,Matthew Price,65,2024-03-07,Standard,2024-01-12,0
adcab0c1-b7a1-422a-af59-1f3075357e96,Louis Parker,36,2024-08-20,Basic,2024-06-09,1
75054ba2-60cf-4cae-8b2b-3e6bb7588593,Natalie Brown,69,2024-05-06,Standard,2024-06-26,1
2bed4134-07dd-48e3-b5b7-f727b44ac1c7,Tanner Evans,50,2024-05-23,Premium,2023-12-14,1
331bfa5b-449c-457b-ac66-cf16c48df3bd,Cameron Reese,30,2023-12-03,Premium,2024-02-23,0
c41470dd-35e9-423e-b98d-6419541b928f,Colin Nichols,47,2024-11-14,Standard,2024-05-30,0
f2fe5ceb-9f4d-4936-84a0-142212eb8319,Amanda Cobb,69,2023-12-17,Premium,2023-12-25,0
34214597-dc5e-4446-8b70-c4d56b4fc7a6,Ricky Williams,20,2024-03-16,Premium,2024-02-19,0
ff1ece29-c5d4-47ef-aa8d-2ef501e7c837,Tristan Cannon,47,2024-06-02,Standard,2024-01-01,0
c8396bba-20a2-4839-bb1e-dc70d51812ba,Leslie Valencia DDS,33,2023-05-20,Standard,2024-01-12,0
11e4b2f9-dc09-4eb1-96ae-64b97a5f56de,Jennifer Mack,37,2024-11-01,Premium,2024-11-07,0
af756ede-9d6a-4624-89fd-c7fd8a432bf7,James Gonzales,46,2023-12-11,Standard,2024-04-03,1
5c531e80-0f95-4129-82d0-a53d097ab851,Catherine Tran,42,2023-07-26,Premium,2023-12-17,1
fe1fc447-9095-44c3-b5d1-b78d01672fe2,Bryan Green,64,2024-06-30,Standard,2024-09-06,0
0c536578-5d99-4845-86df-bf78d5e3e7e9,Julia Taylor,48,2024-01-24,Standard,2024-09-27,1
00398d77-f27d-47e3-b883-14cdeed03ed6,Kristine Contreras,49,2024-01-26,Basic,2023-12-12,0
230068fe-1322-4c9f-acb7-6fba1aec3818,Ashley Bishop,43,2023-12-17,Premium,2024-10-20,0
6f3c1c8d-e019-4980-9ea0-98d2c39297b1,Phyllis Stevens,63,2023-12-31,Basic,2023-12-01,1
dd26e2ea-55bf-4a73-a4d7-30ba0228c983,Elizabeth Young,61,2024-05-06,Premium,2024-08-06,1
83623510-e091-4c10-9522-5fd552dc7190,Linda Ramos,36,2023-03-02,Standard,2023-12-31,0
b055db21-aba7-4506-96c9-315a8f8228d7,Paul Gonzales,38,2023-04-20,Standard,2024-11-10,0
6991e844-2368-4bf3-a7c2-0fbe5431abff,Dr. Patrick Thomas,46,2023-06-10,Basic,2024-02-23,0
ba876e5d-9192-4b34-88a3-3bfdbc20afcc,Leslie Howell,50,2023-06-30,Premium,2024-10-13,1
5e8165e9-53a3-4ae2-a29f-bae677acf713,Nicholas Petersen,56,2023-06-05,Standard,2023-12-08,0
65b5d603-6c3b-4f82-a48d-61ac66680b7a,Paul Barnes,69,2023-06-29,Standard,2024-01-26,0
a47c3409-691c-4a85-96ee-1b45f3bee314,Eric Lee,70,2024-09-13,Standard,2024-09-08,0
2b76e122-5f3c-4fb2-872a-f0449531a411,Desiree Nelson,47,2024-08-04,Basic,2024-03-21,1
ec4a48fb-84d1-44d8-87cf-cdcf921542ea,Paul Leonard,65,2023-05-06,Standard,2024-08-02,0
a19ab554-c244-44c1-bdd0-154ac1ec91c6,Rodney Thompson,61,2023-10-25,Premium,2023-12-05,0
8373ad0a-848f-4517-99f6-1aae2a572f41,Alexander Weber,28,2024-11-21,Premium,2024-11-15,1
3e83f5f4-b6e1-46da-b4a7-72ae34bfb78d,Laura Nolan,36,2023-11-17,Premium,2024-10-15,1
8b084bbf-0930-41c6-a44b-71c37a192f37,Carl Howard,43,2024-05-25,Basic,2024-04-27,0
4c8d6f35-19c5-4b0b-aa74-da22d608da6a,Daniel Fields,53,2024-08-07,Standard,2023-12-31,1
9bd248b3-6e98-4fb7-a2c5-6c757ba1766b,Julia Hill,63,2024-04-13,Standard,2024-11-06,1
312ded15-8aa4-48e7-aa5e-531c355725d1,Jessica Perkins,45,2024-01-31,Standard,2024-06-27,0
f8efdebc-a9fe-4f7e-a2dd-9617ef2185e6,Elizabeth Knox,36,2024-02-19,Standard,2024-10-16,1
f94a4b1a-d7fb-4d3e-99c8-50d7b58a7a9f,Scott Hunter,55,2024-08-22,Standard,2024-02-29,0
d208341d-cf4e-4fd5-a63c-c4bb92e9aa13,Erika Kelly,61,2024-01-29,Premium,2024-09-22,0
fdf0d176-d915-4eb2-aea1-181a505c7a64,Andrew Wallace,34,2023-04-06,Premium,2024-07-03,0
1401e593-08c2-488b-8960-9466d87ec150,Wanda Wells,47,2023-10-13,Standard,2024-02-28,0
bb9e1c36-9778-42e6-98a4-95d86ce5b016,Paul Guerrero,29,2024-08-10,Basic,2024-03-25,0
f3003936-5f9c-4226-a5d3-a18e19507e01,Richard Long,34,2023-05-14,Standard,2024-08-27,0
5de8407e-523a-470f-8091-058d71ea0b68,Andrea Taylor,33,2022-12-02,Premium,2023-12-31,1
a61e7858-f3f7-42fb-880c-6eecf9da6b61,Allen Collins,29,2023-05-23,Basic,2024-10-25,0
429fa2b4-0d2c-4a20-b530-0887d8479ba6,Christian Medina,36,2022-12-31,Basic,2024-01-12,0
62323b9c-1b10-4594-9e29-acb5cb9e74f5,Brandon Gardner,29,2022-12-11,Standard,2024-06-30,1
f62bcefa-70b0-4595-a1ad-38bb17131157,Robert Shelton,37,2024-11-23,Premium,2024-10-02,0
35b011ae-b14f-4ecf-8d42-17d53a14db9e,Kelsey Spears,22,2023-07-30,Standard,2024-03-30,1
04602939-14d4-4c5e-9b81-c04842bc47d3,Theresa Guerra,37,2024-01-03,Premium,2024-08-31,0
ee8fd668-0e46-4252-8eed-d9b84ab9e6c5,Jason Bryant,35,2022-12-16,Standard,2024-05-26,0
0fd359d2-13a2-404c-a724-09b3ed9012a4,Dr. Megan Ryan DDS,37,2023-07-18,Standard,2024-03-06,0
f7e8dc50-3034-49c4-8e60-c1b8e6c09ba7,Jackie Gonzalez,61,2024-06-12,Standard,2024-09-09,1
1336dcf1-4fa7-40fc-b842-4edd0c35ab0b,Amy Ruiz,49,2024-07-04,Basic,2024-07-16,1
1fee797c-020d-4bfb-94c8-17dfa7227987,Kimberly Stanley,46,2024-01-26,Premium,2024-09-12,1
2ed74fba-c440-4d10-840e-baccaf4f4583,Ashley Scott,53,2023-12-20,Premium,2023-12-01,0
8fb6afba-0059-4f8f-927c-28fda0b9d3bc,Toni Curry,21,2024-05-22,Standard,2024-03-17,0
391679da-2d9a-4d3a-9aef-2dc04ec29c55,Danny Hardy,34,2023-05-14,Premium,2024-06-04,0
2f1f2ea7-c996-4c4c-a94e-3850d921f7aa,Brent Hamilton,64,2024-02-21,Premium,2024-09-12,1
9898678d-8a26-4bea-afa3-443c88c812c0,John Richards,42,2023-08-27,Premium,2024-01-04,0
97704987-2651-4567-9e13-81b4327572e1,Jamie Green,69,2024-03-09,Standard,2024-06-23,1
ab3ffa01-d4f5-4c54-be2c-c31f11a5f545,Ethan Nelson,34,2024-02-09,Standard,2024-08-29,1
858025dc-29a1-4e26-92a0-b4f17e83608d,Zachary Bray,55,2024-10-23,Basic,2024-11-19,0
943ee495-8c6c-47e7-b570-e7ddaa41046a,Nathaniel Mckinney,70,2024-03-24,Standard,2024-09-28,1
732a3ced-4a1f-44ba-91b6-d21d12b69855,Ralph Solis,64,2023-07-10,Premium,2023-11-30,0
3f69e446-f10c-4e47-839c-38721b5ff49d,Jay Johnson,47,2023-04-16,Premium,2024-10-04,0
b406af0c-9196-4c30-9a5b-0399abf106fa,Mrs. Dana Allen MD,30,2023-11-06,Premium,2024-07-06,1
80027417-14f2-4880-ab8c-c12aaed46722,Benjamin Cummings,48,2023-12-02,Basic,2024-10-01,1
bbab2875-39c0-42a1-a364-2df138f425aa,Michael Harris,39,2023-06-08,Standard,2024-09-14,1
5e052f11-151b-4303-9617-7911b868be58,Michael Harvey,30,2023-08-11,Premium,2024-09-14,0
1d4824aa-476e-47de-b9eb-be2e4a9dbf64,Mr. Samuel Rodriguez PhD,19,2023-10-04,Basic,2024-05-27,1
a8ed7188-0069-4a68-99cf-3cb4be076c99,Brittany Mcdonald,46,2023-11-02,Standard,2023-12-14,1
7a440da8-7195-43c4-98ae-42c260aa474b,Russell Day,61,2022-12-05,Premium,2023-12-02,0
4b21022b-3c98-40c2-9423-f1f84cbb23dd,Jennifer George,66,2023-03-01,Standard,2024-10-30,1
8831b9bc-6ea4-4eb7-822d-e6450a436c61,Jennifer Decker,35,2024-09-25,Basic,2024-01-24,1
4238b61c-27eb-43f1-bb42-40e1b2582b58,Antonio Rodriguez,52,2023-07-23,Standard,2024-11-18,0
a308709f-98c3-4844-abd4-c641de5e9a7e,Amy Peck,67,2022-12-05,Basic,2024-07-15,0
19c73c14-b26e-4f5c-9245-600c683984ee,Kim Thompson,59,2024-07-05,Basic,2024-08-24,1
b02f2c74-e763-4245-89fa-8eb13061d2d2,Audrey Davis,42,2023-11-23,Basic,2024-08-01,0
adb3a639-5ea8-4df2-9e8a-f93df6ee7f32,Marie Peterson,41,2024-09-12,Basic,2024-10-30,0
6b8bcc60-5172-4e10-8aff-18b7e8789161,Amanda Richardson,53,2024-08-12,Standard,2024-03-08,1
58c787f4-eacc-459c-8cfb-a3b73b2ae6a7,Jeremy Fields,26,2023-08-05,Premium,2024-09-18,0
ab17faf4-8365-4390-b604-c2b0cf416f03,Jeffrey Mcintosh,26,2023-04-19,Standard,2024-05-31,1
9f1f8312-323c-4445-8913-9e4a8672a5f7,Patrick Leon,59,2023-11-02,Basic,2024-05-18,0
1209b075-ec9a-40dd-a955-0993b47b7dcb,Dawn Diaz,69,2024-10-20,Standard,2024-02-05,0
6f351744-8dc1-4379-98f3-0f27aabef305,Ashley Le,66,2024-07-13,Premium,2024-11-21,1
2917761c-328d-4bfd-8526-4ade8a7ea4fd,Judith Bond,52,2024-05-05,Standard,2024-05-27,1
7ac5f2fe-c612-4440-bdf2-3b677690d5bc,Ricardo Little,48,2024-10-16,Premium,2024-01-14,0
68d2d596-8515-4284-9e56-91a94be30955,John Johnson,42,2023-10-07,Basic,2024-09-06,1
67501179-c71c-44c3-85c3-bd4b401852d9,Bryan Fox,68,2024-11-02,Standard,2024-03-17,1
b3a58217-48bc-40bb-b04e-9122b2e3514f,Michael Skinner,69,2024-04-16,Premium,2023-12-21,0
31834a8c-ac74-4c00-88af-afb435c16658,Kevin Knight,61,2023-12-01,Basic,2024-07-12,0
b8b5907b-aefd-4091-9afc-3c4e1e48ee4a,Patrick Simpson,46,2024-10-15,Basic,2023-12-22,1
6e8be261-4b41-4915-bf0a-cbccb94f42af,Thomas Lynch,56,2024-02-14,Basic,2024-08-10,1
66a9e4bf-0e0e-416f-b6bc-7cbccf38c234,Joan Jennings,37,2023-01-29,Standard,2023-12-27,0
40613786-e17b-4ee8-b3dd-d3a53e731c64,Wendy Farmer,29,2023-07-18,Premium,2024-06-14,1
db7d4130-992d-4afe-ad64-f95e96871394,Henry Gonzalez,64,2024-01-10,Premium,2024-10-08,1
e7a9b9e6-660e-48d5-a6ca-c6b57d0c4418,Louis Delgado,19,2023-08-24,Basic,2024-10-06,1
f302b90b-1eed-4a0b-b587-82db7f1002ed,Angel Williams,69,2024-05-11,Premium,2024-06-28,0
b93f8679-50d3-4419-b609-a9fe7920fb0e,Jennifer Nguyen,35,2024-10-11,Premium,2024-11-20,1
a9076cd7-4e2d-4c53-8fae-a8d73f945184,Cheryl Carlson,19,2023-08-09,Basic,2024-04-11,0
196f525a-ae14-493d-8993-702442169f1f,Arthur Hayes,62,2023-11-04,Basic,2024-03-17,1
4fa7c611-3d43-4319-a3c4-89ad2b99534f,Erin Herrera,57,2024-04-17,Premium,2024-08-07,0
5fdf596e-1560-4537-a19e-10c9c18fbf53,Lori Waller,69,2022-12-31,Standard,2024-07-02,0
cfd01249-fc3e-4e6b-b632-cd6af92f6e88,Jerry Jackson,30,2023-05-21,Basic,2024-06-08,0
c3d6c0ee-a2c6-48d8-bcc5-be170042fbe0,Terri Alvarez,64,2023-07-11,Premium,2024-05-14,1
15ac04f8-fda4-4e09-959e-0846512b92a6,Elizabeth Price,20,2023-12-13,Standard,2024-01-09,0
21352486-e530-4f78-9fae-def8be078509,Tanya Perez,46,2023-07-04,Premium,2024-06-29,1
9a76ccc5-d908-46d1-8af9-65808d6e0fc2,Melissa Duke,24,2023-10-13,Basic,2024-11-23,0
320a5abf-d91c-466f-a561-69b45cda8809,Mark Williams,30,2024-10-01,Standard,2024-11-16,0
537d253a-bdaa-4683-a2bc-a43801f5847b,Mrs. Anna Jones,43,2023-06-03,Basic,2024-01-03,1
f6a6f3c1-5c57-41f8-88e3-f0c56e7746a2,Rebecca Allen,20,2024-06-21,Standard,2024-07-29,1
52e27975-b5af-47e6-b9fd-aac45bdc0ec8,Haley Gonzalez,61,2023-02-17,Premium,2024-09-14,0
69230b70-0be6-4afb-9f54-d895fd8c7e2c,Douglas Tucker,20,2023-12-31,Premium,2024-03-12,0
433d2411-1de0-4175-a3b5-7511d94909fb,William Clark,44,2024-07-05,Standard,2024-03-30,0
714fe4f2-71fd-46d2-b598-0bcc6ae0988e,Janice Davis,45,2023-12-27,Premium,2024-03-09,1
9285c3e2-956b-40b3-974f-4fab9e92d367,Sean Brown,63,2024-08-23,Basic,2024-06-14,0
e5b51357-dcec-4768-81bc-9c295f511e27,Vincent Scott,35,2023-05-08,Standard,2023-12-30,0
a2378610-aa91-4fc4-b82c-28e398541f54,David Bond,23,2023-06-20,Premium,2024-11-05,0
fb7fadc9-873b-459b-a7b4-e8ec4dd23947,Tim Brown,24,2024-06-27,Premium,2024-02-21,1
786760d4-ee82-48d4-930b-4b9c17f7e050,Thomas Peterson,56,2023-04-10,Premium,2023-12-06,1
a95d6781-f78d-47dc-be6a-db53ef2d7388,Curtis Stanley,62,2023-10-06,Premium,2024-05-05,0
62c14c1b-9033-4e79-a33d-d8cc11aa388e,Sarah Nicholson,69,2022-12-11,Premium,2024-05-07,0
11405bbe-6d04-4025-bc69-edd4ef4bec2d,Joshua Higgins MD,64,2023-08-20,Basic,2024-05-06,0
45aa5086-cf7e-4ab6-a027-80e6172d8b22,Tracey King,58,2023-02-14,Standard,2023-11-27,1
84ca83a4-6d6a-4c49-b375-f8bb8d71a64d,Lisa Camacho,63,2023-04-08,Premium,2024-05-23,0
9b00e9f8-843e-4f73-b584-a5864c964d38,Jon Shields,19,2024-02-18,Premium,2024-08-20,1
926da8d9-154e-4bd4-9a2c-90348aef6e30,Sharon White,45,2024-06-12,Standard,2024-07-20,0
7e8e89bf-a182-4cea-a228-1e242c55db1c,Jacob Chavez,65,2023-10-23,Basic,2024-11-02,0
7b3a39f3-0359-4ffa-b1ea-579943e2476a,William Baker,35,2024-11-04,Standard,2024-05-12,0
3b86b03d-ffc2-4709-a445-429c415e9846,Suzanne Chavez,24,2024-01-07,Basic,2024-01-03,0
fbf5350f-a883-4e25-b0cb-5316537ffd2a,Jeremy Foster,70,2023-10-17,Premium,2024-08-10,0
716ea79b-3f19-4eea-88d6-5392ed3e5bcb,Tiffany Shaw,24,2023-11-29,Basic,2024-05-20,0
5e5a360b-2982-4b7c-a65c-0799a69b13f4,Joe Harris,62,2023-10-03,Premium,2023-12-06,1
61412868-6ac5-46d5-8013-f9182948654a,Diana Crosby,18,2023-12-02,Basic,2024-01-14,1
56866967-81ee-4779-8633-e72abe1133fd,Wendy Young,65,2024-08-20,Basic,2023-11-30,1
ecd44bc0-0798-465e-b5e8-55705345d29c,Dakota Rush,44,2024-10-23,Standard,2024-06-01,1
42c2e277-9f8c-428c-b179-7f52238bb64c,Yvonne Davis,46,2024-03-21,Premium,2024-07-19,0
228cecd7-94c5-488f-9ce3-60516475f877,Gerald Espinoza,54,2024-02-14,Basic,2024-11-02,0
9949561b-4678-4c83-8fef-b86aaf0d9cd7,Heidi Ponce,60,2023-12-05,Basic,2024-07-14,0
424989ec-bcff-48fc-9980-8052fb1acbe5,Brian Campbell,70,2024-06-04,Basic,2024-07-24,1
8cdb0977-807a-42fb-af68-d549b158f98d,Robert Stafford,24,2023-09-04,Standard,2024-01-21,0
46e74504-21f7-4328-8a0c-3b4634905b8b,Claire Hodges,57,2023-06-25,Premium,2024-09-18,0
7bb95c05-c494-495d-9e05-0c58949bd624,Joseph Hall,56,2024-04-05,Standard,2024-10-15,0
f2d5e12e-ba50-4d85-837d-dc877f59e712,Pamela Hernandez,55,2023-02-01,Basic,2024-02-11,0
0e5bde83-9101-40d3-97a8-5582fd6606db,Albert Brown,39,2024-09-26,Standard,2024-06-25,1
ed81ab99-bc56-42a7-b867-d6daa66a51c7,Chris Mckinney,29,2024-04-05,Basic,2024-07-29,1
a7cd2b8c-da4c-4137-88b6-258d608a886c,Brian Hopkins,69,2023-09-27,Standard,2023-12-22,0
f9deeeda-a1a5-4ef4-89ef-a8d45e1ca577,Jason Ford,41,2023-11-06,Basic,2024-07-31,1
f5cd2d4b-1dfd-46b9-b584-7bb8b48ffab4,Michael Torres,58,2024-10-07,Basic,2023-12-25,0
3a995593-e020-4e4b-8ac0-e55836e008f3,Nathaniel Arias,64,2024-02-18,Standard,2024-07-26,1
